age;balance
19;1169
19;302
19;103
19;0
20;1191
20;502
20;291
21;6844
21;2488
21;1903
21;681
21;361
21;137
21;6
22;4111
22;3472
22;2488
22;1161
22;691
22;549
22;333
22;246
22;47
23;9216
23;8627
23;8627
23;8494
23;1158
23;1129
23;1021
23;817
23;780
23;736
23;598
23;589
23;500
23;363
23;250
23;5
23;4
23;-19
23;-230
23;-306
24;4500
24;3298
24;1847
24;1222
24;926
24;822
24;556
24;508
24;431
24;366
24;299
24;204
24;174
24;172
24;119
24;111
24;110
24;77
24;9
24;0
24;0
24;-46
24;-220
24;-254
29;-76
31;4945
40;-375
31;462
34;1897
35;4508
32;230
36;198
36;0
27;451
37;0
29;22171
34;197
30;1743
28;416
32;3601
36;613
30;363
30;1317
40;1836
36;1283
33;0
30;1942
27;259
32;1464
32;116
40;1548
40;4384
34;455
25;220
40;0
39;-540
27;376
26;3672
29;33
37;1978
38;12877
29;858
30;1380
32;705
38;2278
36;760
26;-8
35;0
31;413
29;-20
32;930
36;1746
32;2400
40;502
39;-405
33;3696
34;8309
40;4795
28;198
39;879
40;11084
39;687
34;5039
38;526
34;1386
39;98
30;-218
32;0
36;23
40;1451
27;-148
33;1158
32;66
40;2805
34;228
37;4153
26;-402
37;61
25;553
31;1014
27;54
39;585
28;2034
35;376
40;1136
33;137
29;1026
37;511
40;2715
39;209
28;1633
32;795
34;1281
39;399
26;96
29;309
36;61
25;-350
36;1174
32;2881
32;697
31;574
38;361
33;137
38;156
35;298
34;852
34;0
25;343
29;318
38;3576
32;1583
31;2304
28;1466
29;-102
34;586
31;1407
26;179
27;76
39;270
35;8647
40;445
35;980
34;1557
40;167
27;769
40;1734
33;1808
37;3242
36;-872
33;706
37;1633
31;589
35;262
27;1566
39;385
33;353
26;0
32;0
40;169
27;1577
40;9374
36;123
30;673
30;699
31;64
35;3636
34;5060
37;11303
31;428
39;8
30;-770
32;950
33;641
32;889
26;265
37;715
32;167
29;1070
33;23663
32;152
38;-558
40;1509
28;882
40;888
39;278
40;168
32;14533
34;0
32;2
39;2763
26;279
26;802
37;0
31;609
38;171
36;1169
35;1253
32;4761
36;16430
36;0
31;1343
29;15459
40;0
31;3283
36;307
31;1214
27;100
32;135
39;-276
37;504
26;1347
33;1165
29;596
30;79
25;3217
26;2469
39;157
38;2998
34;18
38;76
37;23
26;3342
25;760
28;2269
31;466
35;1350
40;507
30;123
37;836
28;373
33;181
38;46
28;330
35;470
30;790
28;14
36;4280
33;-195
31;1766
31;694
39;-650
29;92
35;2723
32;217
31;5191
40;257
34;-62
34;2
27;261
40;733
36;254
27;897
26;50
29;182
36;1511
26;5533
37;395
27;2171
35;1265
30;1372
36;191
32;2285
27;-124
38;506
33;285
33;11
35;365
33;1279
26;1274
38;434
27;1
29;113
27;818
35;0
34;0
37;378
32;10
34;13204
31;309
38;-242
34;8038
31;355
36;3343
31;112
35;175
30;638
30;944
29;-287
31;591
30;11
38;213
30;2581
32;150
27;268
30;726
32;0
34;297
31;-449
27;73
28;189
34;322
35;67
36;0
37;2442
31;11386
32;103
36;0
37;2023
26;856
34;133
33;-305
33;1134
32;34
33;4789
28;131
28;229
38;7696
34;7
30;227
28;378
34;2178
35;2682
31;35
33;386
35;871
29;15
37;2685
33;4
39;9121
32;1121
28;442
38;157
34;96
30;424
33;148
38;223
27;3354
35;1287
29;308
31;-45
31;391
38;0
32;55
36;474
38;497
35;5304
34;606
26;256
37;6101
34;2211
33;595
40;13669
36;495
35;13
35;434
34;2646
27;15
28;1034
26;443
32;1905
37;1175
34;-566
35;2288
35;0
31;191
38;-17
36;417
36;1409
38;126
30;-99
38;1931
30;395
38;846
32;6402
36;146
35;0
30;2186
29;14
33;-67
35;319
34;5462
32;0
35;1145
29;404
26;205
29;2893
40;642
40;1100
37;0
34;-251
37;7
31;68
36;-435
38;62
29;1
33;640
28;26
35;8
33;0
39;-401
32;286
25;-589
40;1670
37;1314
32;33
33;6904
32;162
38;0
40;1416
31;3
35;378
32;3107
27;446
33;95
32;882
31;22546
28;231
29;43
39;167
36;63
26;-162
37;137
37;176
33;249
28;2685
35;147
39;0
31;0
40;98
31;775
34;2729
38;3913
34;2892
31;1626
31;2305
38;1042
26;622
34;3301
32;-33
29;1992
34;2594
31;338
31;0
29;406
32;4908
40;-17
34;2929
33;647
34;347
31;2488
35;450
38;170
35;1147
35;2971
31;38
31;6248
35;141
35;71
38;883
35;0
40;3658
34;2552
25;10
32;948
40;219
36;9149
30;-635
29;21
29;125
33;23
28;318
29;991
35;-51
32;-1053
28;102
34;184
39;800
25;16874
27;1033
34;925
38;1960
35;847
25;-80
38;14058
36;487
31;236
29;1448
30;1286
34;876
32;5878
33;4902
30;19358
31;433
40;100
31;614
40;194
32;6145
31;2363
26;203
34;209
38;1
35;1792
34;0
37;1698
30;569
30;185
40;1876
36;319
27;619
31;0
30;0
35;56
40;542
31;969
34;1847
39;1242
36;134
32;41
26;127
30;-559
32;14
29;482
36;42
26;-147
39;914
32;-32
40;1516
37;102
28;56
38;-388
35;1453
33;-424
38;1161
31;747
37;67
27;148
31;864
33;3074
34;-73
32;329
29;3748
38;669
33;9305
35;407
33;8023
28;172
30;102
33;621
36;340
37;33
38;46
30;302
35;1810
32;3939
27;639
36;3875
40;10378
33;-77
40;226
31;438
33;-241
32;13711
32;2431
31;25
36;167
32;1005
32;-53
28;2700
39;3797
39;247
36;339
30;1787
39;626
34;13683
25;4590
34;176
33;22
31;1086
40;192
33;1410
36;49
38;5092
36;2357
38;173
37;228
37;121
28;0
33;411
31;631
37;689
37;6968
36;1313
33;50
31;8312
33;3132
36;553
33;280
35;0
37;603
32;811
35;145
26;543
32;182
36;179
31;212
40;825
34;550
35;109
32;1012
36;439
28;64
36;973
33;5235
36;367
31;424
32;2817
28;2380
40;0
27;0
26;170
31;-162
37;48
36;-35
31;259
37;712
38;221
31;-186
27;468
30;1211
40;0
33;212
32;5122
40;271
33;13494
30;877
39;12
32;347
35;2189
37;767
31;1306
32;0
39;894
38;3452
30;1476
28;6307
28;3
33;0
28;0
38;389
38;0
36;0
33;82
33;150
32;485
38;0
34;857
34;872
28;-46
39;0
31;1331
38;0
37;0
32;2536
32;2979
33;191
40;0
34;171
32;0
36;1109
33;99
38;3234
38;0
32;656
38;0
37;0
29;0
34;84
32;4
32;271
37;47
32;253
38;0
30;4787
40;92
33;2411
31;325
31;-407
30;149
27;132
31;1882
28;618
35;816
27;50
30;201
36;442
31;296
32;53
38;4425
39;2226
33;1844
36;189
28;1351
32;360
40;51
40;5
28;1323
33;925
35;2
35;4515
32;473
31;-498
36;0
32;1143
28;1065
39;0
36;1531
31;13
39;1438
39;3972
31;5527
33;-416
34;991
26;128
34;712
37;21
33;-53
40;93
26;-32
26;321
34;247
34;902
34;1221
33;920
36;-381
40;694
30;315
38;6728
28;934
38;902
37;489
36;-308
34;0
35;2486
32;119
36;644
40;1959
38;1514
38;0
29;872
32;474
40;0
32;29
40;1259
39;7066
40;643
32;577
33;0
34;4943
38;889
30;20
28;0
31;-253
40;1397
26;-887
31;271
35;46
37;131
35;148
39;52
34;172
37;4039
34;415
40;260
32;1731
35;1257
39;20
34;247
31;223
31;171
28;8
35;444
27;113
37;132
34;15
32;2089
35;189
33;331
38;2569
34;1657
37;1053
27;10
36;777
33;288
38;424
40;1325
36;2987
38;104
33;142
31;628
36;-231
29;950
39;1045
33;-131
38;-762
27;0
26;155
36;1521
37;543
35;2658
26;2855
36;70
29;0
30;18
34;318
38;1327
30;2678
34;1831
25;18
31;88
39;416
25;10788
26;1700
34;-319
30;0
26;1275
28;781
36;3057
33;316
27;703
32;286
35;44
31;287
30;1882
28;1453
33;16992
31;-6
34;1
37;655
39;3663
32;687
33;687
36;-206
34;296
29;192
34;47
39;2644
39;1439
33;125
38;15030
28;100
35;-339
35;0
37;0
26;461
28;4745
29;242
32;1390
37;490
29;1445
29;452
25;894
39;1190
38;807
33;4404
31;5
30;-477
37;168
25;2506
30;1073
25;913
39;0
33;92
36;605
35;700
36;9
32;3616
36;1855
31;1062
34;16
40;109
33;-386
39;285
32;1649
34;263
33;201
33;39
36;1477
36;4438
34;524
33;478
33;2557
31;388
27;795
37;189
40;1041
38;4196
34;3723
39;83
27;5291
33;4020
30;3107
30;2145
37;20453
34;4170
27;-1202
39;1047
27;-79
29;486
36;257
37;105
34;5498
39;763
28;126
37;4565
35;0
31;-120
37;1193
37;509
32;0
38;0
33;-346
36;957
30;6619
34;4343
32;820
35;475
30;75
28;4937
36;566
38;1663
37;37
38;45
36;1587
30;648
40;-335
36;1177
32;-59
33;1
32;132
31;1957
37;223
32;84
37;2610
37;3913
36;5902
29;415
30;57
27;-151
33;752
32;415
34;415
32;112
29;912
31;874
35;317
31;3706
35;633
36;925
34;179
39;124
37;310
40;3571
40;2378
26;454
37;954
27;-195
34;0
25;2157
38;-314
37;5106
32;92
39;147
38;13156
33;1439
35;128
34;1268
39;694
37;876
39;267
34;37
31;7744
27;-247
36;243
40;1438
36;2843
29;452
38;1988
29;330
34;186
31;203
32;569
34;-136
32;517
38;35
28;12
34;84
34;462
32;55
31;459
30;6
33;3704
39;75
36;1981
39;4722
34;573
34;703
30;1185
33;932
33;5137
32;101
31;314
35;977
33;220
40;-342
36;980
27;3672
29;0
34;1116
27;14
34;79
39;0
35;0
28;60
34;9851
38;2543
25;777
34;-139
31;40
30;42
35;243
34;3990
32;350
35;2
30;334
34;0
40;212
31;0
29;486
30;3516
27;81
31;6
34;114
30;445
34;0
32;413
37;435
27;0
26;115
27;8366
35;1732
28;459
33;1465
26;592
39;399
25;808
33;69
32;0
34;178
39;2303
36;0
27;872
35;0
30;329
38;2253
38;-140
31;389
31;2
38;950
31;0
38;746
40;17
33;-333
26;261
32;0
34;0
38;-23
40;-378
34;136
33;894
30;1808
38;1852
29;358
36;0
28;3238
35;524
35;8652
36;0
31;1890
37;1050
27;23
26;75
38;311
26;2572
40;113
29;455
27;-220
35;-259
38;-70
29;361
34;69
35;819
34;79
31;2590
30;2
31;440
35;1067
35;1100
31;-502
37;37
38;744
36;666
33;490
26;2610
32;-632
33;3576
35;13658
33;9449
33;804
37;342
32;71
35;0
40;2
25;1433
38;0
37;347
35;724
36;117
32;76
34;180
31;500
34;436
33;1909
25;-242
29;778
38;121
33;324
32;1625
39;260
29;581
32;267
33;640
35;32
26;-3
34;4348
33;9
32;1694
35;0
28;317
34;6979
40;419
33;696
29;908
35;5958
32;923
31;2197
35;81
31;625
36;1582
30;371
28;89
26;455
29;2929
36;3611
33;10
26;3529
38;3436
40;61
32;-18
30;0
33;0
27;282
27;1209
26;2770
36;1927
30;1009
27;5
31;0
30;142
34;663
33;1412
34;0
31;99
34;440
30;799
30;432
31;0
34;0
34;622
28;1020
36;419
39;6
33;238
31;3242
27;4848
39;1048
34;1171
37;0
34;691
37;658
37;-67
32;739
31;0
28;232
36;0
33;106
38;21
36;678
36;649
29;2485
37;66
30;3096
31;1224
32;0
33;210
34;1666
36;-302
25;304
35;35
32;309
30;34
32;874
35;321
33;-988
37;685
31;-282
38;16957
33;3143
38;7929
39;1367
34;464
40;1729
36;6
37;608
34;0
34;846
31;360
30;501
39;163
37;695
36;-129
29;751
36;13
32;0
35;3587
36;1925
38;-1
29;145
26;37
35;786
34;417
28;28
27;0
30;-970
26;484
40;56
36;472
26;0
39;2903
34;2679
36;6
35;221
31;401
37;3953
27;266
40;697
36;40
34;-292
32;2
39;116
35;2643
31;1588
40;440
31;62
32;-255
34;586
38;8876
33;0
36;168
32;357
31;469
33;71
31;36
30;400
40;0
39;122
36;23
36;47
40;462
36;1482
33;0
37;3665
29;877
33;991
34;6766
34;202
32;-399
32;131
37;1689
35;285
26;236
39;4143
36;177
33;75
28;-97
34;10
36;174
35;5731
27;-517
30;4213
32;138
38;595
34;3050
29;19
25;72
38;3419
29;103
32;553
40;0
27;1128
37;4760
40;4157
36;398
35;195
40;-839
31;-617
27;158
32;28
33;575
39;109
39;235
31;385
31;0
35;39
34;250
40;0
38;740
28;0
36;998
37;1040
32;2204
36;506
40;326
38;432
26;211
39;1072
38;3190
34;-563
33;8004
33;291
30;105
33;273
29;828
35;327
26;1064
38;1198
27;7
37;0
36;1852
34;1518
37;4303
34;428
31;352
31;-452
34;673
31;1495
35;1707
34;67
40;65
37;5355
27;390
32;3540
28;168
30;0
31;472
30;47
34;632
36;6
40;4075
38;0
33;296
31;2104
26;0
30;-522
32;1097
26;3825
35;0
34;1387
39;130
27;802
40;1532
37;391
29;57
37;0
31;6290
35;6411
40;1819
34;396
37;502
40;1547
33;123
36;60
38;50
34;244
34;1298
31;620
29;428
36;-73
40;-1212
32;456
32;604
29;572
34;1011
32;396
37;0
37;896
40;591
38;917
37;1063
28;2788
32;249
30;447
38;623
32;1667
32;133
35;7050
33;1558
34;61
33;889
40;1927
35;414
33;8023
39;179
35;175
33;90
30;-28
31;-120
33;0
40;69
32;4089
29;0
25;402
34;0
39;794
30;127
36;356
30;236
33;0
31;454
30;239
35;24
39;1315
34;174
31;1170
40;1327
40;2077
34;4831
25;914
36;199
39;2
35;11
29;11417
29;9
40;8969
30;239
25;331
31;156
35;57
37;4089
27;842
37;260
25;-221
32;0
28;702
33;661
34;1611
35;560
34;105
37;0
36;80
31;202
30;4787
34;360
38;11971
38;-673
36;9324
39;-41
38;279
33;6699
30;6495
37;-244
40;498
38;0
34;697
37;64
34;1076
30;48
34;1
29;-194
38;427
30;81
31;2603
30;35
39;562
29;218
36;101
37;430
37;1123
36;0
29;3357
40;51
38;1513
39;-183
33;335
35;62
30;7513
36;608
36;1133
35;20
36;0
32;-28
36;-423
39;31
34;0
26;479
35;252
30;3134
36;-461
36;5957
39;111
28;655
38;648
38;605
33;5969
38;2273
37;547
29;-478
34;41
37;215
35;0
38;1146
36;475
37;393
35;126
31;1970
38;1205
40;771
30;209
33;3935
27;213
32;10218
26;209
33;2085
32;2629
38;1679
39;14
36;1327
28;5549
31;897
33;3170
40;177
35;251
32;537
28;356
30;4
33;58
37;3315
32;2185
39;14
29;1599
29;555
29;228
34;4
37;801
33;4040
38;490
32;336
33;4897
33;599
27;3196
36;342
27;3792
35;181
35;160
34;0
34;-228
36;490
37;48
32;-220
37;190
36;3953
30;1570
32;4665
36;-296
30;122
32;255
31;430
31;24
40;294
33;359
25;-352
38;226
30;2325
31;25
34;340
37;267
39;246
28;1137
36;197
31;2395
38;168
34;105
30;162
34;584
29;3931
34;293
34;674
33;716
34;201
37;1699
38;258
33;86
33;-204
32;620
30;975
34;351
34;-370
30;3
31;459
33;474
39;607
34;-28
37;410
32;1031
32;273
28;1325
32;2366
33;745
28;769
34;79
27;212
33;-118
32;1721
39;6
38;0
39;282
29;451
40;838
40;1361
31;-331
37;749
32;-63
33;2
33;-320
26;668
35;8
38;0
40;1603
37;539
31;187
26;7
35;2116
38;-363
36;2944
39;3575
38;25
30;566
32;6217
37;346
37;6969
33;302
35;106
30;-518
33;79
29;199
35;725
33;-300
30;125
40;99
34;475
30;1924
31;1130
31;119
39;5731
32;883
37;403
32;311
31;1166
34;1671
35;93
35;365
40;-396
34;856
28;0
33;4790
28;43
37;654
32;228
34;516
34;291
38;410
33;636
31;1750
35;1949
39;266
36;0
32;913
36;55
29;5980
39;293
28;183
28;594
34;2542
30;1221
34;-315
37;480
40;1584
35;0
35;0
25;64
30;3809
38;2008
35;670
34;1499
37;0
38;86
33;287
39;0
35;1063
35;0
36;480
40;-117
36;27359
32;1259
35;0
32;2349
35;280
31;0
35;793
38;-278
35;0
31;23
33;215
31;582
39;12437
30;151
36;119
36;9269
40;0
28;775
40;4441
38;1449
27;0
32;401
34;1
26;1216
29;584
29;1673
32;473
38;6704
35;-587
36;1594
32;202
36;1830
37;897
39;102
28;101
32;2693
32;180
28;304
39;-606
36;1746
38;1704
33;26
37;427
39;-735
35;0
30;868
25;468
31;373
37;11
31;33
31;144
31;102
30;411
34;44
37;196
37;556
31;4888
36;-679
39;1046
38;376
33;3975
31;691
30;6836
28;0
33;3470
28;-328
27;59
33;358
38;-469
34;144
36;1328
32;-402
26;294
30;931
32;2343
37;781
27;15
36;491
25;453
34;1007
36;-140
36;260
39;902
36;16
39;0
29;3
29;534
27;-179
30;0
39;3
27;130
27;-145
40;0
37;2317
34;60
36;5195
39;1022
37;79
32;48
32;736
34;997
31;1183
35;118
25;505
37;0
31;395
34;1553
31;0
28;1199
33;349
31;1545
32;4
31;315
38;493
34;618
31;406
32;478
31;-219
28;224
33;5739
38;821
40;2893
40;-7
39;1506
39;839
36;35
31;1494
31;360
25;5
37;2707
34;355
33;1998
37;1287
40;1012
35;714
40;36
36;774
34;1239
32;4885
40;0
30;901
32;118
35;-402
27;54
27;118
36;1057
30;1922
35;624
40;990
29;178
33;385
34;544
31;2544
32;6217
25;0
28;4579
36;860
40;1206
34;326
34;4659
31;2070
40;-495
37;0
32;1670
28;290
34;436
33;263
40;1871
40;1509
30;946
28;80
33;511
38;-196
34;0
36;141
33;661
36;1825
33;467
33;818
39;26
36;756
31;-495
36;1554
28;4229
31;125
35;308
36;-11
32;574
37;22856
32;787
28;-427
26;74
30;1210
39;0
37;9
37;7944
35;473
26;396
37;4030
38;2240
28;11555
40;7780
30;180
29;2325
30;192
37;704
40;6767
32;493
32;5514
34;0
36;300
37;5436
34;5320
27;362
25;1420
26;81
34;0
27;49
36;1281
39;0
30;518
36;876
36;222
34;1539
27;489
30;616
27;1
33;-6
35;552
34;50
30;60
30;2
34;899
38;7124
30;940
29;84
37;487
35;2988
38;8669
39;1161
29;1117
28;171
37;1
40;260
29;-105
36;219
31;-230
30;102
26;565
27;201
37;1328
34;1076
28;3694
38;868
33;18347
32;0
27;6421
33;697
38;0
34;176
29;4210
35;1160
39;501
36;688
28;517
32;1
34;351
29;209
27;3083
37;140
38;15
32;-84
36;-37
26;350
33;1240
35;7546
36;629
32;38
37;0
38;5244
30;124
32;890
32;0
33;1064
28;1480
32;1059
28;389
33;61
35;8883
33;1925
31;1384
31;1987
32;687
34;-308
34;1641
30;562
35;649
26;122
27;-1
34;475
34;5086
39;238
35;978
34;8
36;428
40;8902
33;139
25;242
32;61
33;43
30;-94
27;3276
25;8
35;0
37;4760
35;3102
32;1100
28;81
32;0
37;1661
32;-55
33;0
32;739
34;1412
30;604
37;3288
29;200
30;1772
33;-56
30;101
30;0
26;1177
32;189
27;3733
39;0
36;725
32;1160
32;5
36;470
34;-294
27;-584
35;949
34;479
36;837
32;300
30;775
36;495
27;5563
30;25
39;835
32;0
37;532
31;1134
40;641
26;592
39;471
31;660
34;20
32;1148
30;1
29;417
34;470
31;1664
35;305
28;-298
35;2789
37;815
26;609
31;1010
39;0
37;865
38;0
26;1153
30;3485
39;1970
35;3552
28;177
38;578
28;225
34;456
35;137
37;-242
30;4
38;4366
36;1318
35;1354
34;393
28;1027
33;245
40;1832
30;-336
35;603
33;625
29;424
31;864
35;839
37;375
34;1337
35;2975
39;691
36;340
33;2098
30;7845
35;2830
34;1464
31;1243
32;45
29;770
25;157
30;71
32;2
36;9019
30;6164
32;1787
32;782
33;0
34;0
32;228
32;266
38;228
28;153
35;152
31;12569
38;4335
35;-12
38;2812
33;0
27;671
31;-280
39;406
31;251
36;-148
36;-11
30;305
31;31
30;0
34;262
37;52
31;1368
26;-759
30;-393
38;994
39;1043
33;2727
31;92
40;33
33;1209
31;360
31;1660
30;699
30;261
34;0
38;3732
27;186
37;4798
38;4030
39;0
29;444
33;1897
31;757
37;1467
40;10786
36;3064
35;4286
30;178
31;132
40;4610
40;1217
35;422
29;20
35;0
25;959
25;1790
40;-1
32;751
35;94
35;188
28;0
37;414
37;238
29;437
40;263
38;593
32;8436
38;70
25;368
31;26965
39;994
34;645
37;851
31;85
34;-346
31;1094
31;481
40;1270
40;6
39;816
39;355
31;0
33;142
27;808
38;1370
39;426
37;-107
30;175
25;34
31;79
32;9
27;0
37;0
27;88
34;943
35;275
35;634
27;710
25;1116
31;137
39;186
39;1601
32;518
32;-849
30;0
32;741
34;35
32;0
36;12
34;475
32;11797
36;2394
35;293
35;11219
31;623
26;245
30;6900
40;89
36;386
29;3672
38;1147
26;512
36;895
36;1049
35;0
34;2374
32;1831
31;636
28;0
37;3561
32;406
31;0
32;3014
39;9374
38;290
39;5803
28;4287
39;7685
38;1373
35;505
41;21515
41;10758
41;8238
41;7735
41;6563
41;6046
41;6000
41;5883
41;5426
41;5310
41;5110
41;5037
41;4900
41;4824
41;4684
41;4567
41;4539
41;3992
41;3950
41;3872
41;3823
41;3355
41;3016
41;2993
41;2885
41;2457
41;2195
41;2125
41;2105
41;2067
41;1680
41;1666
41;1646
41;1602
41;1588
41;1567
41;1536
41;1459
41;1334
41;1309
41;1287
41;1281
41;1249
41;1172
41;1088
41;1066
41;1020
41;982
41;951
41;920
41;902
41;879
41;849
41;832
41;819
41;787
41;780
41;771
41;764
41;748
41;744
41;720
41;666
41;664
41;654
41;641
41;618
41;552
41;532
41;437
41;429
41;428
41;412
41;400
41;389
41;389
41;369
41;353
41;351
41;348
41;343
41;340
41;338
41;326
41;293
41;288
41;251
41;231
41;231
41;221
41;204
41;177
41;176
41;174
41;171
41;171
41;168
41;140
41;121
41;108
41;89
41;88
41;77
41;75
41;72
41;64
41;55
41;52
41;51
41;49
41;39
41;28
41;22
41;13
41;8
41;4
41;0
41;0
41;0
41;0
41;0
41;0
41;0
41;0
41;0
41;-29
41;-41
41;-204
41;-217
41;-256
41;-256
41;-306
41;-365
41;-386
41;-516
42;14752
42;12223
42;10907
42;9720
42;9009
42;8131
42;7702
42;7190
42;7041
42;5774
42;5639
42;5564
42;4945
42;4209
42;3620
42;3165
42;3068
42;3052
42;2980
42;2974
42;2613
42;2519
42;2416
42;2187
42;2157
42;2111
42;2030
42;1932
42;1811
42;1628
42;1533
42;1520
42;1519
42;1491
42;1331
42;1322
42;1289
42;1205
42;1156
42;1080
42;1076
42;1048
42;1022
42;994
42;969
42;936
42;792
42;782
42;759
42;753
42;704
42;642
42;613
42;603
42;529
42;525
42;520
42;515
42;508
42;505
42;484
42;473
42;440
42;439
42;401
42;382
42;372
42;372
42;364
42;360
42;352
42;344
42;323
42;308
42;292
42;275
42;260
42;257
42;251
42;248
42;243
42;233
42;230
42;221
42;216
42;214
42;198
42;179
42;157
42;149
42;145
42;130
42;117
42;100
42;97
42;96
42;92
42;83
42;66
42;63
42;47
42;30
42;16
42;2
42;2
42;1
42;0
42;0
42;0
42;0
42;0
42;0
42;0
42;0
42;0
42;0
42;0
42;0
42;0
42;0
42;0
42;-7
42;-10
42;-34
42;-91
42;-97
42;-105
42;-119
42;-166
42;-189
42;-246
42;-247
42;-280
42;-396
42;-406
42;-411
42;-422
42;-679
42;-921
42;-1310
43;27733
43;17555
43;13342
43;13044
43;11269
43;10910
43;8167
43;7876
43;7727
43;7343
43;5172
43;4094
43;3529
43;3529
43;3485
43;3403
43;3285
43;3274
43;3215
43;3060
43;2886
43;2767
43;2731
43;2567
43;2519
43;2160
43;1937
43;1696
43;1577
43;1574
43;1429
43;1413
43;1335
43;1304
43;1211
43;1188
43;1029
43;1017
43;978
43;960
43;778
43;764
43;757
43;738
43;699
43;690
43;667
43;642
43;634
43;625
43;593
43;520
43;497
43;489
43;487
43;483
43;481
43;434
43;422
43;388
43;348
43;328
43;297
43;291
43;275
43;264
43;255
43;232
43;210
43;192
43;188
43;181
43;167
43;146
43;136
43;132
43;130
43;109
43;105
43;104
43;104
43;99
43;92
43;64
43;60
43;59
43;58
43;50
43;49
43;38
43;36
43;34
43;30
43;24
43;17
43;2
43;2
43;0
43;0
43;0
43;0
43;0
43;0
43;0
43;-26
43;-88
43;-93
43;-97
43;-98
43;-179
43;-228
43;-465
43;-715
43;-932
43;-1164
44;17361
44;16178
44;13893
44;10888
44;8262
44;7635
44;7138
44;6649
44;5780
44;5597
44;5181
44;5063
44;5045
44;4758
44;4460
44;4232
44;3945
44;3762
44;3706
44;3463
44;2984
44;2776
44;2734
44;2657
44;2524
44;2523
44;2403
44;2319
44;2058
44;1989
44;1910
44;1707
44;1679
44;1424
44;1378
44;1242
44;1206
44;1146
44;1136
44;1071
44;1058
44;900
44;887
44;878
44;809
44;795
44;788
44;787
44;773
44;759
44;724
44;576
44;529
44;508
44;476
44;460
44;438
44;432
44;420
44;415
44;332
44;316
44;313
44;310
44;304
44;276
44;271
44;262
44;244
44;221
44;205
44;178
44;134
44;134
44;106
44;93
44;80
44;33
44;27
44;22
44;14
44;10
44;0
44;0
44;0
44;0
44;0
44;0
44;0
44;0
44;0
44;0
44;-11
44;-14
44;-27
44;-101
44;-182
44;-237
44;-312
44;-329
44;-665
44;-674
44;-710
44;-1313
44;-1746
45;13117
45;7353
45;7108
45;6945
45;5450
45;5346
45;4994
45;4646
45;4365
45;4022
45;3854
45;3370
45;3098
45;2926
45;2571
45;2433
45;2418
45;2128
45;2096
45;2087
45;2048
45;2033
45;1929
45;1893
45;1783
45;1757
45;1673
45;1529
45;1477
45;1415
45;1415
45;1410
45;1343
45;1291
45;1273
45;1269
45;999
45;999
45;998
45;976
45;959
45;942
45;907
45;844
45;827
45;809
45;784
45;776
45;757
45;728
45;706
45;644
45;638
45;586
45;542
45;473
45;419
45;410
45;334
45;315
45;295
45;265
45;248
45;245
45;242
45;220
45;204
45;194
45;192
45;185
45;180
45;137
45;128
45;118
45;115
45;115
45;97
45;88
45;88
45;72
45;68
45;61
45;59
45;58
45;49
45;44
45;16
45;0
45;0
45;0
45;0
45;0
45;0
45;0
45;0
45;0
45;0
45;0
45;0
45;-11
45;-149
45;-179
45;-183
45;-192
45;-206
45;-249
45;-311
45;-322
45;-388
45;-459
45;-547
45;-839
46;12186
46;9328
46;7378
46;6269
46;4958
46;4855
46;3533
46;3455
46;3232
46;3098
46;2904
46;2749
46;2558
46;2420
46;2262
46;2232
46;2154
46;2098
46;1790
46;1712
46;1693
46;1550
46;1429
46;1427
46;1410
46;1375
46;1322
46;1297
46;1291
46;1285
46;1148
46;1069
46;1034
46;1008
46;966
46;964
46;834
46;781
46;757
46;751
46;743
46;705
46;668
46;665
46;624
46;593
46;558
46;556
46;548
46;538
46;523
46;519
46;499
46;494
46;477
46;466
46;452
46;451
46;435
46;410
46;405
46;390
46;368
46;361
46;342
46;334
46;328
46;324
46;295
46;276
46;273
46;271
46;258
46;242
46;225
46;222
46;217
46;216
46;182
46;179
46;174
46;147
46;143
46;137
46;137
46;134
46;123
46;120
46;96
46;91
46;70
46;67
46;57
46;46
46;25
46;25
46;23
46;22
46;22
46;19
46;5
46;5
46;4
46;0
46;0
46;0
46;0
46;0
46;0
46;-3
46;-35
46;-90
46;-121
46;-154
46;-216
46;-337
46;-824
46;-852
46;-1400
47;8515
47;7708
47;6637
47;5306
47;4906
47;4543
47;4402
47;3973
47;3940
47;3727
47;3696
47;3681
47;3676
47;3451
47;3333
47;3285
47;3232
47;3188
47;2914
47;2642
47;2597
47;2548
47;2540
47;2515
47;2443
47;2408
47;2322
47;2306
47;2303
47;2246
47;2106
47;1996
47;1990
47;1934
47;1890
47;1784
47;1544
47;1279
47;1233
47;1230
47;1219
47;1203
47;1167
47;1149
47;1139
47;1121
47;1060
47;881
47;871
47;826
47;751
47;691
47;677
47;668
47;599
47;556
47;480
47;477
47;459
47;447
47;440
47;440
47;405
47;320
47;310
47;302
47;295
47;292
47;286
47;233
47;225
47;214
47;209
47;201
47;187
47;168
47;164
47;162
47;153
47;150
47;145
47;136
47;126
47;109
47;104
47;94
47;72
47;65
47;57
47;51
47;33
47;14
47;2
47;2
47;2
47;0
47;0
47;0
47;0
47;0
47;0
47;-9
47;-50
47;-75
47;-535
47;-614
47;-938
47;-1148
48;10655
48;9207
48;8106
48;7289
48;7195
48;7020
48;6613
48;5887
48;5543
48;5462
48;5366
48;5173
48;5095
48;5057
48;4415
48;4265
48;4099
48;3230
48;3186
48;3064
48;2537
48;2330
48;2294
48;1910
48;1808
48;1738
48;1678
48;1598
48;1526
48;1499
48;1355
48;1328
48;1266
48;1175
48;1167
48;1159
48;1152
48;1150
48;1147
48;1143
48;1092
48;998
48;866
48;865
48;841
48;817
48;810
48;750
48;741
48;725
48;705
48;607
48;606
48;586
48;574
48;568
48;559
48;541
48;507
48;480
48;454
48;439
48;428
48;427
48;425
48;414
48;363
48;340
48;333
48;316
48;312
48;310
48;302
48;292
48;290
48;286
48;263
48;247
48;199
48;197
48;191
48;178
48;157
48;149
48;131
48;127
48;117
48;116
48;113
48;112
48;108
48;99
48;60
48;20
48;17
48;8
48;5
48;5
48;0
48;0
48;0
48;0
48;0
48;0
48;-13
48;-19
48;-20
48;-70
48;-202
48;-285
48;-471
48;-551
48;-552
48;-583
49;25824
49;14440
49;13229
49;12531
49;8545
49;7007
49;5996
49;5673
49;4667
49;3726
49;3608
49;3371
49;3250
49;3096
49;3018
49;2718
49;2576
49;2465
49;2370
49;2201
49;2146
49;2039
49;2039
49;1916
49;1904
49;1843
49;1784
49;1672
49;1623
49;1568
49;1430
49;1405
49;1235
49;1122
49;1114
49;1103
49;1091
49;1040
49;1032
49;1019
49;981
49;937
49;902
49;889
49;852
49;823
49;780
49;769
49;755
49;687
49;635
49;588
49;579
49;563
49;548
49;523
49;489
49;474
49;443
49;400
49;381
49;377
49;371
49;365
49;362
49;358
49;323
49;322
49;322
49;321
49;320
49;306
49;305
49;301
49;280
49;279
49;273
49;265
49;249
49;230
49;199
49;198
49;197
49;171
49;169
49;167
49;151
49;133
49;92
49;87
49;66
49;66
49;61
49;51
49;47
49;39
49;32
49;15
49;0
49;0
49;0
49;0
49;-37
49;-55
49;-74
49;-97
49;-147
49;-384
49;-454
49;-471
49;-701
49;-1680
50;26394
50;19447
50;12519
50;8139
50;7317
50;5776
50;4374
50;4108
50;4012
50;3924
50;3897
50;3463
50;3357
50;3337
50;3304
50;3025
50;2881
50;2706
50;2497
50;2320
50;2284
50;2142
50;2061
50;1790
50;1772
50;1572
50;1545
50;1412
50;1260
50;1240
50;1200
50;1164
50;1138
50;1130
50;1111
50;1011
50;961
50;887
50;841
50;810
50;806
50;769
50;766
50;732
50;717
50;669
50;665
50;606
50;579
50;567
50;558
50;452
50;433
50;421
50;395
50;388
50;372
50;356
50;341
50;283
50;276
50;254
50;253
50;246
50;231
50;207
50;203
50;202
50;202
50;201
50;199
50;181
50;148
50;112
50;100
50;94
50;85
50;78
50;72
50;60
50;59
50;52
50;36
50;32
50;13
50;4
50;0
50;0
50;0
50;0
50;0
50;0
50;-1
50;-10
50;-54
50;-84
50;-94
50;-470
50;-470
50;-568
50;-701
51;21244
51;10924
51;10287
51;9228
51;5801
51;5403
51;5108
51;5050
51;3921
51;3726
51;3180
51;2967
51;2934
51;2662
51;2506
51;2323
51;2237
51;2139
51;2094
51;2007
51;1883
51;1869
51;1840
51;1760
51;1679
51;1634
51;1612
51;1594
51;1550
51;1490
51;1466
51;1415
51;1315
51;1291
51;1069
51;872
51;867
51;844
51;837
51;833
51;712
51;630
51;602
51;518
51;500
51;492
51;467
51;463
51;423
51;397
51;377
51;370
51;343
51;340
51;307
51;297
51;260
51;260
51;203
51;176
51;174
51;160
51;143
51;117
51;95
51;78
51;42
51;40
51;37
51;35
51;34
51;30
51;18
51;16
51;12
51;4
51;0
51;0
51;0
51;0
51;0
51;-3
51;-11
51;-13
51;-15
51;-28
51;-55
51;-55
51;-379
51;-892
51;-2082
52;14363
52;6922
52;3554
52;3163
52;2557
52;2347
52;2227
52;2087
52;2072
52;1944
52;1818
52;1810
52;1781
52;1758
52;1623
52;1339
52;1331
52;1317
52;1308
52;1141
52;1117
52;1054
52;907
52;826
52;779
52;693
52;657
52;603
52;592
52;575
52;431
52;428
52;424
52;395
52;381
52;353
52;335
52;316
52;289
52;280
52;278
52;255
52;247
52;238
52;230
52;217
52;214
52;204
52;199
52;196
52;195
52;192
52;161
52;142
52;118
52;108
52;98
52;83
52;64
52;60
52;54
52;50
52;36
52;20
52;14
52;11
52;9
52;4
52;2
52;0
52;0
52;0
52;0
52;0
52;0
52;-9
52;-11
52;-97
52;-98
52;-110
52;-133
52;-191
52;-588
52;-888
52;-970
52;-1224
53;22370
53;9146
53;7290
53;6839
53;6095
53;6072
53;5715
53;4994
53;4968
53;4554
53;4541
53;4446
53;4380
53;4143
53;4086
53;3316
53;3177
53;2647
53;2627
53;2581
53;2398
53;2289
53;2240
53;2231
53;2096
53;1868
53;1796
53;1378
53;1343
53;1319
53;1278
53;1178
53;1034
53;1012
53;995
53;980
53;765
53;751
53;732
53;719
53;665
53;629
53;624
53;619
53;483
53;459
53;459
53;451
53;431
53;427
53;320
53;306
53;263
53;255
53;238
53;230
53;225
53;225
53;206
53;146
53;112
53;105
53;104
53;100
53;94
53;71
53;70
53;66
53;65
53;65
53;53
53;37
53;28
53;27
53;26
53;25
53;25
53;15
53;13
53;12
53;7
53;4
53;0
53;0
53;0
53;0
53;0
53;0
53;-2
53;-22
53;-118
53;-200
53;-626
53;-905
54;26306
54;8295
54;7864
54;7010
54;6102
54;4503
54;4382
54;3859
54;3671
54;3222
54;2960
54;2819
54;2508
54;2281
54;2225
54;2206
54;2171
54;2059
54;1956
54;1691
54;1544
54;1480
54;1327
54;1295
54;1291
54;1157
54;1139
54;1114
54;1012
54;895
54;876
54;865
54;812
54;784
54;781
54;653
54;641
54;541
54;448
54;386
54;386
54;384
54;310
54;211
54;209
54;208
54;191
54;158
54;153
54;98
54;89
54;88
54;55
54;22
54;8
54;3
54;0
54;0
54;0
54;0
54;0
54;0
54;0
54;0
54;0
54;0
54;-22
54;-182
54;-315
54;-630
54;-932
55;9756
55;8894
55;8104
55;6880
55;4809
55;4424
55;4194
55;4103
55;3873
55;3450
55;3339
55;3334
55;2923
55;2749
55;2678
55;2587
55;2366
55;2275
55;1983
55;1665
55;1649
55;1613
55;1598
55;1580
55;1467
55;1210
55;1187
55;1102
55;1086
55;1011
55;989
55;979
55;976
55;955
55;865
55;865
55;653
55;627
55;621
55;602
55;574
55;559
55;557
55;540
55;538
55;481
55;471
55;466
55;410
55;383
55;383
55;343
55;298
55;284
55;273
55;236
55;229
55;218
55;204
55;203
55;197
55;186
55;171
55;168
55;159
55;159
55;150
55;145
55;139
55;138
55;136
55;96
55;61
55;23
55;23
55;16
55;2
55;0
55;0
55;0
55;0
55;0
55;-31
55;-196
55;-308
55;-375
55;-404
55;-612
55;-703
55;-966
56;22196
56;21664
56;16873
56;15520
56;15311
56;4073
56;4063
56;3948
56;3391
56;3337
56;3172
56;3021
56;2959
56;2190
56;2146
56;2038
56;1922
56;1906
56;1877
56;1770
56;1504
56;1333
56;1270
56;1238
56;1044
56;1016
56;1007
56;985
56;917
56;856
56;828
56;802
56;800
56;789
56;784
56;772
56;705
56;694
56;659
56;575
56;551
56;478
56;442
56;420
56;401
56;379
56;359
56;353
56;345
56;344
56;334
56;318
56;306
56;272
56;238
56;237
56;217
56;212
56;205
56;151
56;150
56;109
56;83
56;45
56;29
56;0
56;0
56;0
56;-1
56;-59
56;-113
56;-229
56;-435
56;-1206
57;27069
57;16063
57;14093
57;11494
57;7082
57;6164
57;5799
57;5431
57;4664
57;4012
57;3927
57;3777
57;3431
57;3250
57;3071
57;2927
57;2887
57;2416
57;2137
57;1623
57;1621
57;1602
57;1592
57;1521
57;1469
57;1341
57;1238
57;1180
57;1172
57;1052
57;1044
57;929
57;887
57;839
57;808
57;808
57;589
57;523
57;501
57;452
57;374
57;367
57;320
57;318
57;295
57;282
57;254
57;206
57;195
57;179
57;179
57;169
57;162
57;158
57;139
57;107
57;93
57;82
57;75
57;63
57;50
57;49
57;46
57;39
57;35
57;32
57;31
57;25
57;23
57;14
57;13
57;10
57;3
57;1
57;0
57;0
57;0
57;0
57;0
57;0
57;0
57;0
57;0
57;0
57;0
57;0
57;-226
57;-331
57;-464
57;-967
57;-3313
58;16264
58;14412
58;9339
58;8218
58;7495
58;6570
58;5920
58;5278
58;5092
58;4015
58;4007
58;3496
58;3401
58;3382
58;3228
58;2769
58;2764
58;2729
58;2705
58;2538
58;2223
58;1987
58;1831
58;1798
58;1640
58;1573
58;1533
58;1517
58;1407
58;1382
58;1142
58;1013
58;983
58;937
58;883
58;781
58;764
58;744
58;671
58;610
58;602
58;590
58;565
58;543
58;541
58;502
58;497
58;462
58;435
58;425
58;419
58;413
58;409
58;407
58;331
58;320
58;314
58;309
58;299
58;264
58;235
58;225
58;175
58;172
58;145
58;139
58;116
58;111
58;76
58;73
58;65
58;37
58;35
58;23
58;11
58;2
58;2
58;2
58;0
58;0
58;0
58;0
58;0
58;-27
58;-123
59;9976
59;9676
59;7813
59;7179
59;5845
59;5706
59;5314
59;4198
59;3940
59;3800
59;3573
59;3534
59;3163
59;2921
59;2814
59;2764
59;2381
59;2358
59;2308
59;2013
59;1881
59;1831
59;1727
59;1585
59;1427
59;1173
59;1033
59;1026
59;975
59;879
59;817
59;748
59;699
59;681
59;671
59;593
59;351
59;345
59;319
59;319
59;259
59;235
59;204
59;195
59;185
59;179
59;174
59;163
59;139
59;133
59;92
59;46
59;42
59;1
59;0
59;0
59;0
59;0
59;0
59;0
59;0
59;0
59;0
59;0
59;0
59;0
59;0
59;0
59;0
59;0
59;-47
60;11262
60;7337
60;6313
60;4895
60;4820
60;4256
60;3735
60;3387
60;3043
60;2934
60;2552
60;2131
60;1801
60;1472
60;1088
60;1025
60;759
60;725
60;598
60;517
60;493
60;385
60;366
60;362
60;322
60;262
60;252
60;231
60;225
60;197
60;179
60;174
60;104
60;89
60;78
60;71
60;65
60;55
60;27
60;5
60;0
60;0
60;0
60;0
60;-49
60;-396
