budget;imdb_score
218;7.2
1100;6.6
3250;7.8
4500;6.9
9000;6.4
10000;7.5
10000;6.1
10000;6.7
14000;6.6
15000;7.4
15000;6.3
15000;6.6
15000;6.2
17350;3.0
20000;6.9
20000;3.2
20000;7.4
20000;4.0
22000;3.3
23000;7.1
24000;7.0
25000;7.3
25000;6.6
25000;4.8
27000;6.7
40000;3.2
40000;7.6
40000;7.0
42000;6.6
42000;7.5
45000;5.5
46000;7.4
50000;6.0
50000;7.9
50000;7.4
50000;7.3
50000;3.7
60000;5.6
60000;6.4
60000;3.4
60000;5.4
60000;5.3
60000;7.5
62000;4.1
65000;7.3
65000;6.3
70000;8.3
70000;5.6
70000;5.8
75000;4.5
75000;5.0
83532;7.5
83532;7.5
100000;7.0
100000;7.7
100000;6.6
100000;4.0
100000;4.8
100000;6.8
100000;6.1
100000;7.6
100000;4.7
100000;7.0
100000;6.7
100000;5.8
100000;3.2
100000;4.2
100000;3.6
103000;5.7
114000;8.0
114000;8.0
120000;7.0
120000;7.0
120000;7.4
120000;7.7
125000;7.2
125000;6.7
125000;8.2
125000;5.1
150000;7.4
150000;7.0
150000;5.3
150000;7.1
150000;8.4
150000;6.3
150000;4.0
150000;5.5
160000;7.4
160000;7.5
160000;8.1
168000;6.5
175000;6.5
180000;8.7
180000;8.5
180000;7.9
200000;7.2
200000;7.7
200000;7.1
200000;7.4
200000;6.4
200000;6.5
200000;8.1
200000;7.0
200000;7.2
200000;6.9
200000;7.5
200000;6.7
200000;6.5
200000;8.0
200000;6.6
200000;7.0
200000;5.1
200000;6.8
210000;6.7
225000;7.5
225000;7.0
225000;7.5
229575;8.3
230000;7.8
240000;6.5
250000;7.8
250000;8.0
250000;6.6
250000;5.7
250000;6.2
250000;6.2
250000;6.6
250000;6.1
250000;4.5
250000;7.3
250000;6.9
250000;7.2
250000;6.5
250000;6.7
250000;6.4
250000;6.7
250000;7.1
250000;7.0
250000;6.3
250000;3.9
250000;4.4
270000;6.4
290000;4.3
300000;7.6
300000;7.1
300000;6.7
300000;5.2
300000;4.3
300000;4.3
300000;6.9
300000;7.7
300000;5.5
300000;7.2
300000;6.2
300000;7.9
300000;7.9
300000;7.9
300000;4.8
300000;6.4
312000;6.7
325000;8.2
350000;4.7
350000;8.9
350000;4.1
350000;6.8
350000;3.4
350000;3.2
365000;7.3
375000;7.0
375000;7.6
379000;6.3
400000;6.9
400000;7.4
400000;7.7
400000;5.1
400000;7.1
400000;8.2
400000;6.9
427000;5.7
439000;7.7
450000;8.2
450000;5.9
450000;7.2
450000;7.1
450000;6.8
475000;6.2
500000;4.3
500000;6.4
500000;6.2
500000;6.5
500000;6.8
500000;7.1
500000;7.2
500000;7.7
500000;7.3
500000;7.3
500000;6.6
500000;6.9
500000;6.0
500000;5.7
500000;5.2
500000;6.7
500000;5.8
500000;4.6
500000;3.5
500000;5.4
500000;6.5
500000;7.3
500000;7.4
500000;6.2
500000;8.4
500000;6.5
500000;6.1
500000;6.4
500000;6.5
500000;6.0
500000;5.8
500000;5.7
500000;4.3
500000;5.1
500000;5.9
500000;7.6
500000;8.4
500000;6.1
500000;6.8
500000;7.4
500000;6.8
500000;7.0
500000;6.3
500000;5.7
500000;5.3
500000;6.4
500000;5.8
500000;6.6
500000;6.1
500000;5.5
550000;7.0
550000;6.1
560000;7.2
560000;7.7
590000;7.9
600000;5.1
600000;5.6
600000;6.6
600000;8.1
600000;5.6
600000;8.0
600000;4.5
609000;7.8
625000;3.9
650000;6.5
650000;6.5
650000;7.4
650000;6.9
650000;6.5
650000;5.4
695393;7.7
700000;7.2
700000;7.2
700000;6.5
700000;5.3
700000;8.3
750000;7.0
750000;8.1
750000;6.6
750000;5.5
750000;5.6
750000;3.1
750000;7.0
750000;6.9
750000;4.9
777000;7.5
800000;7.5
800000;7.2
800000;6.4
800000;7.2
800000;7.2
800000;7.2
800000;5.2
800000;6.5
806947;8.5
825000;5.6
850000;6.0
850000;7.4
850000;7.2
850000;7.3
890000;8.0
900000;6.7
900000;6.4
900000;6.2
900000;7.5
900000;6.4
900000;6.4
900000;5.2
900000;6.0
910000;8.2
930000;5.7
950000;6.0
950000;5.5
950000;7.1
960000;8.2
960000;8.1
989000;4.8
990000;4.9
1000000;6.2
1000000;2.8
1000000;6.1
1000000;7.7
1000000;6.8
1000000;7.4
1000000;7.2
1000000;5.6
1000000;7.2
1000000;7.0
1000000;6.7
1000000;7.6
1000000;5.6
1000000;4.1
1000000;5.8
1000000;5.8
1000000;6.1
1000000;5.3
1000000;7.1
1000000;7.1
1000000;7.0
1000000;6.8
1000000;8.2
1000000;6.8
1000000;3.3
1000000;6.8
1000000;6.6
1000000;7.0
1000000;4.2
1000000;2.2
1000000;5.2
1000000;3.5
1000000;7.4
1000000;3.4
1000000;7.2
1000000;7.2
1000000;5.6
1000000;7.8
1000000;6.9
1000000;6.7
1000000;7.2
1000000;6.7
1000000;6.8
1000000;6.2
1000000;3.6
1000000;7.4
1000000;6.1
1000000;5.2
1000000;6.3
1000000;6.8
1000000;6.7
1000000;5.7
1000000;8.1
1000000;6.7
1000000;6.2
1000000;6.0
1000000;5.5
1000000;6.9
1000000;1.9
1000000;5.4
1000000;7.0
1000000;7.3
1000000;5.5
1000000;7.8
1000000;5.7
1000000;5.0
1000000;5.9
1000000;6.1
1000000;6.2
1000000;3.9
1000000;6.3
1000000;7.4
1066167;7.1
1100000;4.9
1100000;2.6
1100000;7.0
1100000;3.0
1100000;6.8
1100000;5.9
1100000;6.1
1100000;7.6
1100000;7.3
1200000;6.6
1200000;7.3
1200000;7.4
1200000;6.2
1200000;7.2
1200000;7.7
1200000;6.6
1200000;6.0
1200000;7.2
1200000;4.6
1200000;4.2
1200000;6.1
1200000;7.1
1200000;5.8
1200000;7.2
1200000;6.0
1200000;7.7
1200000;8.4
1200000;4.5
1200000;3.8
1250000;7.8
1250000;3.4
1250000;5.5
1250000;6.1
1250000;7.1
1288000;8.2
1300000;2.7
1300000;8.1
1300000;7.2
1300000;6.5
1300000;7.0
1300000;8.3
1300000;7.2
1300000;5.9
1300000;5.2
1300000;7.6
1377800;6.5
1400000;5.8
1400000;6.7
1400000;8.7
1400000;6.6
1400000;8.4
1400000;6.9
1400000;6.1
1420000;4.1
1500000;6.1
1500000;6.6
1500000;6.8
1500000;7.7
1500000;6.8
1500000;6.2
1500000;8.2
1500000;7.0
1500000;7.4
1500000;6.7
1500000;7.2
1500000;6.5
1500000;4.3
1500000;6.3
1500000;5.6
1500000;5.4
1500000;8.6
1500000;6.3
1500000;7.5
1500000;5.7
1500000;6.7
1500000;5.7
1500000;6.3
1500000;6.5
1500000;6.5
1500000;7.3
1500000;7.5
1500000;5.8
1500000;6.2
1500000;6.0
1500000;7.6
1500000;6.8
1500000;3.3
1500000;2.8
1500000;7.5
1500000;4.6
1500000;6.8
1500000;6.9
1500000;7.9
1500000;6.5
1500000;5.5
1500000;3.1
1500000;3.3
1500000;4.8
1592000;7.4
1600000;7.0
1600000;7.2
1600000;7.9
1644736;8.0
1650000;5.4
1696377;7.6
1700000;7.5
1700000;6.3
1700000;6.8
1700000;6.1
1750000;6.3
1750000;4.3
1750211;7.8
1800000;8.5
1800000;8.0
1800000;7.5
1800000;5.4
1800000;7.3
1800000;7.5
1800000;7.5
1800000;6.1
1800000;7.3
1800000;6.8
1800000;5.5
1800000;3.4
1800000;7.8
1800000;5.9
1800000;7.8
1800000;5.6
1800000;5.3
1800000;5.6
1900000;6.9
1900000;7.1
1900000;7.2
1900000;6.4
1950000;5.2
2000000;3.3
2000000;6.8
2000000;7.6
2000000;7.1
2000000;6.6
2000000;7.4
2000000;5.3
2000000;6.2
2000000;6.8
2000000;6.9
2000000;8.4
2000000;7.0
2000000;7.2
2000000;7.2
2000000;7.4
2000000;6.6
2000000;7.8
2000000;6.1
2000000;5.7
2000000;4.3
2000000;6.7
2000000;4.8
2000000;8.7
2000000;4.7
2000000;8.2
2000000;7.9
2000000;8.1
2000000;6.8
2000000;5.7
2000000;7.0
2000000;7.7
2000000;6.9
2000000;7.7
2000000;6.1
2000000;7.7
2000000;6.4
2000000;7.6
2000000;7.7
2000000;7.6
2000000;7.4
2000000;7.0
2000000;6.1
2000000;4.7
2000000;6.5
2000000;6.9
2000000;7.1
2000000;7.2
2000000;7.3
2000000;6.7
2000000;5.9
2000000;5.7
2000000;8.0
2000000;7.5
2000000;8.2
2000000;7.5
2000000;7.6
2000000;5.3
2000000;8.5
2000000;8.1
2000000;7.0
2000000;5.3
2000000;5.7
2000000;6.4
2000000;5.5
2000000;4.6
2000000;4.9
2000000;4.5
2000000;3.4
2000000;6.3
2000000;3.6
2100000;7.2
2100000;6.3
2100000;6.7
2160000;7.5
2200000;7.2
2200000;5.9
2200000;5.4
2200000;6.8
2200000;7.1
2200000;4.7
2200000;4.3
2280000;7.8
2295429;7.0
2300000;5.9
2300000;8.0
2300000;7.3
2300000;8.2
2300000;5.1
2300000;7.3
2300000;7.7
2361000;6.5
2400000;6.8
2400000;5.3
2400000;5.1
2450000;3.9
2500000;7.6
2500000;5.1
2500000;6.7
2500000;7.6
2500000;7.1
2500000;7.9
2500000;7.1
2500000;7.0
2500000;6.6
2500000;6.8
2500000;5.0
2500000;7.2
2500000;5.7
2500000;5.1
2500000;5.0
2500000;6.0
2500000;5.9
2500000;7.6
2500000;8.1
2500000;7.1
2500000;5.8
2500000;6.9
2500000;4.6
2500000;6.3
2500000;7.1
2500000;3.1
2500000;5.4
2500000;6.5
2500000;6.2
2500000;4.3
2500000;5.9
2500000;6.9
2500000;5.1
2540800;8.3
2600000;7.5
2600000;7.8
2600000;6.2
2600000;7.2
2600000;5.3
2650000;7.0
2686585;6.9
2700000;7.1
2700000;8.0
2700000;7.4
2700000;7.4
2700000;5.9
2800000;8.0
2800000;6.8
2800000;5.3
2800000;8.1
2800000;7.6
2800000;7.6
2800000;6.0
2883848;8.3
2900000;8.0
2900000;7.3
3000000;5.1
3000000;7.6
3000000;7.4
3000000;3.0
3000000;5.0
3000000;5.3
3000000;3.3
3000000;6.2
3000000;2.6
3000000;5.1
3000000;6.8
3000000;5.9
3000000;5.3
3000000;4.9
3000000;7.7
3000000;6.6
3000000;5.4
3000000;6.6
3000000;6.4
3000000;6.1
3000000;6.5
3000000;7.5
3000000;7.9
3000000;7.0
3000000;7.3
3000000;7.8
3000000;6.7
3000000;5.9
3000000;6.2
3000000;6.2
3000000;5.9
3000000;6.6
3000000;3.2
3000000;5.7
3000000;5.3
3000000;5.4
3000000;7.3
3000000;7.2
3000000;6.6
3000000;5.2
3000000;7.8
3000000;6.8
3000000;2.9
3000000;6.6
3000000;6.6
3000000;7.4
3000000;8.1
3000000;8.3
3000000;7.9
3000000;4.4
3000000;6.0
3000000;8.0
3000000;5.3
3000000;6.6
3000000;6.1
3000000;5.3
3000000;5.1
3000000;5.8
3000000;5.2
3000000;6.5
3000000;7.8
3000000;5.7
3000000;5.9
3000000;6.5
3000000;8.4
3000000;6.1
3000000;6.9
3000000;5.8
3000000;5.3
3000000;5.5
3000000;7.4
3000000;4.8
3000000;3.9
3000000;4.3
3000000;4.0
3000000;7.0
3150000;5.5
3180000;8.6
3200000;7.0
3200000;7.2
3200000;6.4
3200000;5.7
3200000;6.6
3209000;6.2
3300000;4.5
3300000;8.7
3300000;6.9
3300000;8.5
3300000;7.4
3300000;5.2
3400000;6.7
3400000;4.6
3400000;6.6
3400000;7.5
3440000;3.1
3500000;7.8
3500000;3.9
3500000;7.0
3500000;7.1
3500000;6.8
3500000;7.3
3500000;7.6
3500000;7.5
3500000;6.4
3500000;8.2
3500000;7.8
3500000;6.3
3500000;4.7
3500000;8.0
3500000;6.8
3500000;7.2
3500000;7.2
3500000;6.3
3500000;7.2
3500000;7.2
3500000;6.2
3500000;6.8
3500000;6.1
3500000;6.5
3500000;5.3
3500000;7.4
3500000;7.2
3500000;7.5
3500000;6.0
3500000;7.0
3500000;6.1
3500000;4.8
3500000;8.4
3500000;3.3
3500000;5.4
3500000;4.8
3500000;7.1
3500000;5.4
3500159;6.7
3600000;7.9
3600000;7.6
3600000;7.8
3660000;6.4
3700000;7.1
3800000;6.9
3800000;8.3
3800000;5.8
3800000;8.1
3850000;7.2
4000000;6.2
4000000;4.6
4000000;7.6
4000000;5.8
4000000;6.3
4000000;7.3
4000000;7.2
4000000;7.3
4000000;7.8
4000000;8.0
4000000;7.3
4000000;6.6
4000000;5.4
4000000;6.9
4000000;7.7
4000000;7.7
4000000;5.8
4000000;6.1
4000000;6.0
4000000;7.5
4000000;6.0
4000000;8.0
4000000;7.9
4000000;8.1
4000000;4.7
4000000;6.7
4000000;6.9
4000000;4.8
4000000;8.0
4000000;5.0
4000000;4.7
4000000;4.2
4000000;8.5
4000000;7.6
4000000;6.6
4000000;6.7
4000000;3.1
4000000;6.1
4000000;8.1
4000000;6.7
4000000;7.1
4000000;7.3
4000000;6.8
4000000;6.7
4000000;7.1
4000000;5.0
4000000;6.6
4000000;6.3
4000000;4.7
4000000;7.3
4000000;7.3
4000000;8.1
4000000;7.4
4000000;6.3
4000000;4.6
4000000;7.3
4000000;5.9
4000000;6.3
4000000;6.5
4000000;6.2
4000000;7.0
4000000;6.3
4000000;5.2
4000000;5.7
4000000;6.1
4200000;5.2
4200000;6.5
4300000;6.6
4400000;5.9
4400000;8.7
4400000;6.7
4490375;6.8
4500000;5.8
4500000;6.7
4500000;7.3
4500000;5.6
4500000;7.2
4500000;7.4
4500000;8.4
4500000;7.1
4500000;4.3
4500000;7.7
4500000;7.8
4500000;5.7
4500000;7.1
4500000;6.6
4500000;7.3
4500000;7.4
4500000;8.1
4500000;5.9
4500000;6.2
4500000;5.7
4600000;5.9
4600000;7.2
4700000;3.2
4700000;6.2
4700000;5.5
4700000;6.7
4800000;5.7
4800000;5.9
4800000;7.7
4825000;7.2
4900000;6.9
5000000;7.4
5000000;3.5
5000000;5.4
5000000;5.4
5000000;6.6
5000000;6.9
5000000;6.5
5000000;6.6
5000000;4.7
5000000;6.8
5000000;6.7
5000000;7.6
5000000;8.2
5000000;8.0
5000000;7.4
5000000;7.2
5000000;6.7
5000000;6.4
5000000;7.5
5000000;5.3
5000000;7.2
5000000;6.9
5000000;7.0
5000000;6.6
5000000;7.7
5000000;6.8
5000000;4.6
5000000;6.4
5000000;6.8
5000000;7.0
5000000;6.7
5000000;7.1
5000000;3.4
5000000;5.0
5000000;8.6
5000000;6.1
5000000;6.8
5000000;6.6
5000000;5.8
5000000;4.4
5000000;4.6
5000000;4.5
5000000;7.7
5000000;7.5
5000000;7.1
5000000;6.5
5000000;7.6
5000000;6.2
5000000;6.5
5000000;6.5
5000000;5.1
5000000;6.6
5000000;4.5
5000000;6.6
5000000;5.6
5000000;7.3
5000000;7.0
5000000;7.2
5000000;5.9
5000000;7.9
5000000;6.2
5000000;4.4
5000000;4.6
5000000;7.7
5000000;7.2
5000000;7.0
5000000;6.2
5000000;7.1
5000000;6.6
5000000;7.6
5000000;6.6
5000000;6.6
5000000;7.1
5000000;5.0
5000000;6.2
5000000;6.1
5000000;5.2
5000000;6.4
5000000;4.9
5000000;3.8
5000000;5.9
5000000;5.2
5000000;6.8
5000000;5.3
5000000;6.4
5000000;7.4
5000000;7.0
5000000;7.7
5000000;7.0
5000000;6.3
5000000;7.1
5000000;6.1
5000000;6.2
5000000;3.3
5000000;4.2
5000000;7.2
5000000;5.5
5000000;4.4
5000000;6.8
5000000;4.8
5000000;7.4
5000000;4.0
5000000;3.5
5000000;4.1
5100000;7.3
5250000;5.0
5300000;7.3
5500000;8.3
5500000;6.1
5500000;7.9
5500000;5.6
5500000;7.7
5500000;7.1
5500000;5.6
5500000;7.2
5500000;4.9
5600000;6.6
5600000;6.9
5600000;2.1
5952000;7.3
6000000;4.3
6000000;7.5
6000000;4.7
6000000;4.0
6000000;8.3
6000000;8.3
6000000;9.2
6000000;7.8
6000000;7.8
6000000;6.3
6000000;7.0
6000000;7.4
6000000;6.7
6000000;6.7
6000000;7.2
6000000;7.3
6000000;7.0
6000000;2.9
6000000;7.2
6000000;7.6
6000000;7.5
6000000;7.2
6000000;6.1
6000000;5.4
6000000;5.8
6000000;7.8
6000000;7.8
6000000;6.1
6000000;5.0
6000000;5.4
6000000;7.2
6000000;7.2
6000000;6.9
6000000;6.4
6000000;6.2
6000000;5.9
6000000;7.2
6000000;5.1
6000000;5.3
6000000;7.0
6000000;6.7
6000000;6.2
6000000;6.2
6000000;7.7
6000000;8.3
6000000;7.2
6000000;3.8
6000000;7.4
6000000;7.9
6000000;5.7
6000000;7.6
6000000;6.9
6000000;7.6
6000000;8.6
6000000;6.1
6000000;7.7
6000000;7.1
6000000;7.3
6000000;5.8
6000000;7.0
6000000;5.4
6000000;6.5
6000000;6.7
6000000;6.1
6200000;3.3
6400000;7.0
6500000;4.6
6500000;7.3
6500000;6.7
6500000;7.6
6500000;7.3
6500000;7.3
6500000;7.9
6500000;6.2
6500000;7.7
6500000;7.3
6500000;6.8
6500000;6.3
6500000;5.8
6500000;5.4
6500000;5.9
6500000;6.8
6500000;8.1
6500000;7.9
6500000;7.9
6500000;7.1
6500000;7.2
6500000;3.6
6500000;6.9
6600000;5.7
6800000;7.0
6800000;6.4
6900000;7.7
6900000;5.6
7000000;6.8
7000000;5.9
7000000;5.3
7000000;6.8
7000000;7.6
7000000;6.1
7000000;7.4
7000000;7.3
7000000;7.0
7000000;7.6
7000000;6.5
7000000;6.6
7000000;6.4
7000000;6.3
7000000;7.1
7000000;6.9
7000000;7.7
7000000;7.4
7000000;7.1
7000000;6.3
7000000;4.8
7000000;5.3
7000000;6.9
7000000;6.0
7000000;6.9
7000000;4.0
7000000;4.8
7000000;7.3
7000000;7.6
7000000;7.6
7000000;6.4
7000000;6.2
7000000;7.9
7000000;6.3
7000000;6.7
7000000;6.5
7000000;4.8
7000000;7.4
7000000;6.7
7000000;2.0
7000000;6.8
7000000;6.5
7000000;7.7
7000000;6.1
7000000;5.7
7000000;5.5
7000000;6.8
7000000;7.0
7000000;6.8
7000000;7.2
7000000;5.2
7000000;6.1
7000000;6.2
7000000;6.2
7000000;7.5
7000000;6.0
7000000;7.9
7000000;6.0
7000000;5.8
7200000;7.2
7200000;6.7
7217600;6.9
7300000;7.2
7400000;7.1
7500000;6.7
7500000;4.8
7500000;3.1
7500000;8.6
7500000;6.9
7500000;7.4
7500000;7.5
7500000;7.1
7500000;6.0
7500000;6.9
7500000;7.5
7500000;7.7
7500000;7.5
7500000;6.0
7500000;6.8
7500000;7.2
7500000;6.3
7500000;5.6
7500000;3.5
7500000;5.1
7623000;7.2
7840000;7.4
7900000;6.9
8000000;4.2
8000000;6.5
8000000;5.1
8000000;6.7
8000000;6.6
8000000;6.9
8000000;2.7
8000000;7.6
8000000;7.3
8000000;7.2
8000000;8.9
8000000;7.9
8000000;8.1
8000000;7.6
8000000;5.4
8000000;6.9
8000000;4.0
8000000;6.4
8000000;5.3
8000000;8.0
8000000;6.7
8000000;6.9
8000000;7.5
8000000;4.4
8000000;6.2
8000000;6.9
8000000;5.9
8000000;8.0
8000000;6.9
8000000;6.9
8000000;3.5
8000000;7.4
8000000;7.4
8000000;7.9
8000000;5.6
8000000;5.9
8000000;6.2
8000000;6.5
8000000;7.7
8000000;6.1
8000000;7.4
8000000;5.7
8000000;5.6
8000000;7.1
8000000;7.1
8000000;4.9
8000000;5.3
8000000;7.3
8000000;7.1
8000000;7.2
8000000;5.5
8000000;6.2
8000000;6.1
8000000;5.0
8000000;6.8
8000000;7.2
8000000;7.2
8000000;6.8
8000000;7.7
8000000;8.0
8000000;5.9
8000000;6.4
8000000;6.8
8000000;7.0
8000000;7.1
8000000;7.6
8000000;5.6
8000000;5.2
8000000;6.4
8000000;7.0
8000000;6.3
8000000;6.0
8000000;6.5
8000000;6.0
8000000;6.4
8000000;4.6
8000000;5.1
8000000;6.6
8200000;6.1
8200000;6.8
8200000;6.5
8200000;6.5
8200000;8.0
8300000;6.0
8300000;6.4
8400000;6.1
8495000;4.5
8500000;5.0
8500000;6.5
8500000;5.7
8500000;5.6
8500000;7.5
8500000;6.9
8500000;7.0
8500000;6.7
8500000;5.0
8500000;6.7
8500000;7.9
8500000;4.9
8550000;5.6
8600000;6.5
8600000;5.8
8700000;7.2
8700000;7.1
8800000;6.5
8800000;6.1
8900000;7.9
9000000;7.4
9000000;7.4
9000000;7.1
9000000;6.9
9000000;7.7
9000000;6.6
9000000;6.7
9000000;8.0
9000000;7.0
9000000;7.6
9000000;6.2
9000000;6.9
9000000;6.5
9000000;4.5
9000000;6.1
9000000;6.4
9000000;5.4
9000000;6.7
9000000;8.0
9000000;4.9
9000000;5.7
9000000;4.2
9000000;6.5
9000000;6.8
9000000;5.7
9000000;5.9
9000000;6.8
9000000;6.2
9000000;5.1
9000000;5.6
9000000;7.1
9000000;7.0
9000000;6.8
9000000;6.5
9000000;5.7
9000000;5.3
9000000;5.3
9000000;8.5
9200000;7.7
9300000;6.7
9400000;7.6
9500000;6.1
9500000;7.8
9500000;5.1
9500000;6.9
9500000;7.0
9600000;7.9
9600000;6.7
9800000;7.3
10000000;4.8
10000000;6.2
10000000;7.8
10000000;3.3
10000000;5.3
10000000;3.5
10000000;5.2
10000000;2.3
10000000;5.7
10000000;5.8
10000000;5.9
10000000;7.3
10000000;8.3
10000000;7.3
10000000;7.3
10000000;5.6
10000000;7.2
10000000;6.6
10000000;7.4
10000000;7.0
10000000;8.0
10000000;5.6
10000000;6.7
10000000;6.5
10000000;6.3
10000000;6.9
10000000;5.0
10000000;6.2
10000000;5.5
10000000;6.0
10000000;7.3
10000000;6.9
10000000;5.4
10000000;6.7
10000000;6.7
10000000;7.4
10000000;5.4
10000000;6.9
10000000;6.8
10000000;4.1
10000000;7.1
10000000;6.5
10000000;4.5
10000000;6.6
10000000;7.4
10000000;7.5
10000000;5.8
10000000;6.2
10000000;5.9
10000000;6.1
10000000;5.3
10000000;8.1
10000000;6.5
10000000;5.8
10000000;6.5
10000000;6.5
10000000;7.4
10000000;7.0
10000000;5.3
10000000;5.5
10000000;5.2
10000000;7.7
10000000;7.0
10000000;7.1
10000000;7.2
10000000;5.7
10000000;7.2
10000000;6.7
10000000;3.6
10000000;6.5
10000000;3.9
10000000;6.9
10000000;5.4
10000000;7.0
10000000;6.9
10000000;5.4
10000000;6.5
10000000;6.7
10000000;4.2
10000000;5.5
10000000;6.3
10000000;3.8
10000000;5.8
10000000;6.8
10000000;5.9
10000000;6.4
10000000;7.3
10000000;7.3
10000000;6.5
10000000;7.6
10000000;7.3
10000000;6.9
10000000;7.2
10000000;6.1
10000000;5.5
10000000;5.9
10000000;6.7
10000000;6.0
10000000;6.3
10000000;6.1
10000000;7.2
10000000;5.2
10000000;4.7
10000000;5.9
10000000;5.9
10000000;5.3
10000000;4.4
10000000;6.8
10000000;6.5
10000000;6.3
10000000;6.8
10000000;7.4
10000000;6.1
10000000;5.6
10000000;4.8
10000000;6.2
10000000;7.2
10000000;5.7
10000000;6.3
10000000;5.2
10000000;6.1
10000000;5.7
10000000;4.6
10000000;5.2
10000000;5.3
10500000;6.4
10500000;6.9
10500000;7.9
10500000;6.7
10500000;4.5
10600000;5.4
10700000;7.4
10700000;7.4
10800000;5.8
11000000;7.0
11000000;6.9
11000000;5.1
11000000;5.3
11000000;6.9
11000000;7.5
11000000;4.6
11000000;7.6
11000000;7.3
11000000;6.4
11000000;6.8
11000000;7.1
11000000;7.7
11000000;5.9
11000000;6.6
11000000;7.3
11000000;6.9
11000000;7.2
11000000;7.4
11000000;6.8
11000000;7.4
11000000;6.0
11000000;7.1
11000000;4.5
11000000;6.8
11000000;7.4
11000000;7.5
11000000;5.3
11000000;7.8
11000000;5.4
11000000;6.2
11000000;5.1
11000000;4.3
11000000;7.7
11000000;8.7
11000000;7.1
11000000;8.5
11000000;7.2
11000000;6.3
11000000;4.8
11000000;4.4
11000000;6.3
11000000;7.3
11000000;5.3
11000000;6.7
11000000;4.9
11400000;6.6
11500000;6.0
11500000;6.6
11500000;7.9
11500000;6.0
11500000;6.6
11900000;7.5
12000000;6.9
12000000;6.9
12000000;6.6
12000000;4.3
12000000;5.4
12000000;6.3
12000000;4.6
12000000;6.8
12000000;6.7
12000000;6.4
12000000;4.3
12000000;6.3
12000000;3.3
12000000;7.4
12000000;7.6
12000000;7.8
12000000;6.3
12000000;6.3
12000000;6.2
12000000;5.0
12000000;7.0
12000000;7.1
12000000;6.0
12000000;7.5
12000000;5.8
12000000;6.2
12000000;3.3
12000000;5.3
12000000;7.3
12000000;4.3
12000000;6.2
12000000;5.9
12000000;7.0
12000000;7.7
12000000;2.8
12000000;7.8
12000000;5.4
12000000;7.5
12000000;6.8
12000000;7.4
12000000;6.6
12000000;6.5
12000000;6.6
12000000;7.4
12000000;7.8
12000000;6.5
12000000;5.3
12000000;6.4
12000000;6.6
12000000;7.8
12000000;2.1
12000000;7.1
12000000;7.0
12000000;6.3
12000000;6.8
12000000;5.5
12000000;5.4
12000000;7.5
12000000;6.1
12000000;5.5
12000000;8.3
12000000;7.0
12000000;4.9
12000000;7.7
12000000;7.2
12000000;7.1
12000000;7.4
12000000;7.5
12000000;7.1
12000000;6.8
12000000;6.0
12000000;7.0
12000000;7.0
12000000;7.0
12000000;6.6
12000000;6.6
12000000;6.4
12000000;5.3
12000000;5.7
12000000;7.1
12000000;6.8
12000000;7.5
12000000;6.9
12000000;6.0
12000000;5.7
12000000;8.0
12000000;5.7
12000000;6.3
12305523;6.2
12500000;7.1
12500000;7.3
12500000;6.9
12500000;6.6
12500000;6.3
12500000;7.3
12500000;7.4
12500000;7.8
12500000;6.1
12500000;7.0
12600000;6.1
12800000;8.0
13000000;5.9
13000000;6.4
13000000;6.1
13000000;5.9
13000000;4.1
13000000;9.0
13000000;6.8
13000000;7.3
13000000;8.3
13000000;5.9
13000000;7.1
13000000;7.1
13000000;4.9
13000000;5.9
13000000;5.4
13000000;7.3
13000000;7.8
13000000;6.4
13000000;5.7
13000000;7.6
13000000;1.6
13000000;5.8
13000000;5.5
13000000;7.0
13000000;6.1
13000000;6.1
13000000;3.8
13000000;7.3
13000000;5.7
13000000;8.0
13000000;6.6
13000000;5.8
13000000;6.3
13000000;5.6
13000000;6.8
13000000;4.6
13000000;8.0
13000000;7.7
13000000;6.1
13000000;6.7
13000000;6.0
13000000;6.1
13000000;6.6
13000000;6.7
13000000;8.0
13000000;6.1
13000000;6.7
13000000;7.1
13000000;6.8
13000000;3.9
13200000;5.6
13400000;3.6
13500000;5.8
13500000;7.4
13500000;4.5
13500000;6.9
13500000;7.8
13500000;7.4
13800000;7.0
14000000;6.0
14000000;5.4
14000000;6.3
14000000;7.3
14000000;7.7
14000000;7.7
14000000;6.7
14000000;6.9
14000000;6.6
14000000;6.5
14000000;6.3
14000000;6.4
14000000;7.0
14000000;6.7
14000000;6.5
14000000;3.7
14000000;6.6
14000000;7.7
14000000;6.9
14000000;5.2
14000000;7.7
14000000;5.0
14000000;5.9
14000000;4.6
14000000;4.9
14000000;6.7
14000000;5.4
14000000;5.7
14000000;7.7
14000000;7.7
14000000;6.5
14000000;6.9
14000000;6.2
14000000;5.1
14000000;5.9
14000000;6.7
14000000;6.2
14000000;4.1
14000000;6.9
14000000;5.9
14000000;7.1
14000000;5.5
14000000;5.7
14000000;5.0
14000000;6.5
14000000;3.9
14000000;5.2
14200000;7.4
14500000;6.2
14500000;6.8
14600000;8.1
14800000;5.7
15000000;5.4
15000000;3.7
15000000;5.7
15000000;7.4
15000000;6.6
15000000;6.4
15000000;4.5
15000000;5.6
15000000;7.4
15000000;4.1
15000000;5.5
15000000;6.0
15000000;8.2
15000000;7.2
15000000;6.4
15000000;8.2
15000000;7.4
15000000;7.6
15000000;8.4
15000000;7.8
15000000;5.6
15000000;7.1
15000000;7.1
15000000;7.6
15000000;7.8
15000000;7.9
15000000;8.0
15000000;6.6
15000000;6.3
15000000;6.4
15000000;6.6
15000000;6.2
15000000;7.7
15000000;6.2
15000000;5.4
15000000;6.2
15000000;5.7
15000000;2.8
15000000;5.6
15000000;5.4
15000000;7.5
15000000;6.7
15000000;5.3
15000000;4.9
15000000;6.0
15000000;6.2
15000000;6.4
15000000;6.2
15000000;4.9
15000000;5.1
15000000;4.9
15000000;6.0
15000000;6.8
15000000;6.3
15000000;7.0
15000000;6.2
15000000;7.2
15000000;7.6
15000000;6.1
15000000;8.0
15000000;6.9
15000000;7.9
15000000;8.0
15000000;7.3
15000000;7.7
15000000;6.8
15000000;6.1
15000000;4.6
15000000;6.0
15000000;4.8
15000000;6.7
15000000;6.2
15000000;7.0
15000000;6.4
15000000;5.0
15000000;5.1
15000000;5.9
15000000;5.5
15000000;6.9
15000000;5.3
15000000;5.3
15000000;7.2
15000000;5.9
15000000;8.0
15000000;6.4
15000000;8.2
15000000;7.8
15000000;6.4
15000000;7.0
15000000;4.6
15000000;8.0
15000000;7.2
15000000;6.7
15000000;7.2
15000000;6.9
15000000;6.9
15000000;7.4
15000000;7.5
15000000;6.5
15000000;7.1
15000000;7.6
15000000;5.0
15000000;6.5
15000000;5.6
15000000;6.6
15000000;4.1
15000000;7.4
15000000;4.0
15000000;6.2
15000000;7.7
15000000;5.5
15000000;5.5
15000000;7.3
15000000;6.3
15000000;4.9
15000000;6.0
15000000;6.2
15000000;6.8
15000000;6.7
15000000;6.6
15000000;4.6
15000000;8.0
15000000;6.7
15000000;6.5
15000000;5.1
15000000;7.1
15000000;5.7
15000000;5.5
15000000;7.7
15000000;6.4
15000000;7.3
15000000;6.5
15000000;6.6
15300000;6.6
15500000;7.6
15500000;7.2
15500000;6.8
15500000;6.5
15500000;5.9
15600000;6.5
15600000;4.5
15800000;5.5
16000000;7.3
16000000;7.6
16000000;4.4
16000000;5.7
16000000;5.1
16000000;7.8
16000000;7.2
16000000;7.2
16000000;3.3
16000000;8.1
16000000;7.2
16000000;7.4
16000000;7.3
16000000;5.9
16000000;5.1
16000000;5.6
16000000;5.1
16000000;7.6
16000000;7.8
16000000;5.3
16000000;7.2
16000000;5.7
16000000;6.6
16000000;6.6
16000000;5.1
16000000;8.1
16000000;7.2
16000000;6.7
16000000;4.1
16000000;6.2
16000000;2.8
16000000;5.6
16000000;6.4
16000000;5.6
16000000;3.1
16000000;7.6
16000000;7.6
16000000;4.8
16000000;6.4
16000000;4.8
16000000;3.1
16000000;7.0
16000000;4.9
16000000;6.7
16000000;4.8
16400000;8.0
16500000;4.9
16500000;6.8
16500000;7.7
16500000;7.1
16500000;6.3
16800000;6.5
17000000;9.1
17000000;7.0
17000000;5.7
17000000;6.5
17000000;5.6
17000000;7.0
17000000;6.7
17000000;7.2
17000000;7.7
17000000;5.6
17000000;6.5
17000000;5.7
17000000;5.8
17000000;7.7
17000000;6.3
17000000;6.3
17000000;7.1
17000000;5.7
17000000;6.3
17000000;5.9
17000000;7.9
17000000;5.6
17000000;6.2
17000000;5.6
17000000;7.2
17000000;5.9
17000000;3.0
17000000;5.3
17000000;4.8
17000000;6.6
17000000;5.1
17000000;3.6
17000000;5.2
17000000;7.4
17000000;5.9
17000000;7.6
17000000;5.6
17000000;6.7
17000000;7.5
17000000;4.8
17000000;6.7
17000000;7.4
17000000;6.4
17000000;6.9
17000000;6.6
17000000;5.5
17000000;4.1
17000000;6.4
17000000;6.8
17000000;6.5
17000000;6.5
17500000;6.3
17500000;6.5
17500000;4.4
17500000;6.0
17700000;5.9
17900000;5.0
18000000;8.5
18000000;6.4
18000000;7.3
18000000;5.3
18000000;5.5
18000000;6.7
18000000;5.2
18000000;5.7
18000000;7.1
18000000;7.3
18000000;5.8
18000000;7.5
18000000;7.5
18000000;7.9
18000000;6.9
18000000;7.8
18000000;7.8
18000000;6.6
18000000;7.5
18000000;6.9
18000000;5.8
18000000;6.7
18000000;5.3
18000000;7.2
18000000;8.3
18000000;7.1
18000000;5.4
18000000;7.3
18000000;6.2
18000000;6.1
18000000;6.7
18000000;6.3
18000000;7.8
18000000;5.6
18000000;5.0
18000000;6.7
18000000;5.3
18000000;6.5
18000000;5.7
18000000;7.1
18000000;6.4
18000000;8.8
18000000;2.5
18000000;7.1
18000000;8.3
18000000;3.7
18000000;5.8
18000000;6.8
18000000;7.6
18000000;6.1
18000000;7.4
18000000;4.4
18000000;7.3
18000000;6.7
18000000;7.2
18000000;5.1
18000000;5.5
18000000;5.2
18000000;4.6
18000000;6.1
18000000;6.1
18500000;7.7
18500000;5.4
18500000;6.4
18500000;8.4
19000000;3.4
19000000;6.3
19000000;7.7
19000000;7.5
19000000;3.6
19000000;8.6
19000000;7.3
19000000;8.4
19000000;5.7
19000000;5.5
19000000;5.9
19000000;6.1
19000000;6.5
19000000;6.4
19000000;8.5
19000000;6.1
19000000;6.8
19000000;8.6
19000000;6.8
19000000;5.6
19000000;6.3
19000000;6.0
19000000;6.1
19400000;7.5
19400870;7.7
19430000;6.7
19500000;6.2
19800000;6.6
19800000;7.3
19900000;7.0
20000000;4.8
20000000;4.9
20000000;6.7
20000000;2.3
20000000;3.5
20000000;3.5
20000000;5.4
20000000;5.9
20000000;6.4
20000000;7.4
20000000;5.3
20000000;5.7
20000000;7.6
20000000;6.7
20000000;4.9
20000000;7.5
20000000;6.0
20000000;4.5
20000000;7.1
20000000;6.7
20000000;7.3
20000000;4.8
20000000;6.8
20000000;5.9
20000000;7.5
20000000;7.6
20000000;7.7
20000000;6.6
20000000;7.0
20000000;7.4
20000000;5.8
20000000;6.8
20000000;4.3
20000000;5.8
20000000;5.8
20000000;6.9
20000000;5.8
20000000;6.9
20000000;7.0
20000000;7.8
20000000;2.8
20000000;8.1
20000000;7.5
20000000;8.1
20000000;7.6
20000000;6.6
20000000;6.3
20000000;5.5
20000000;6.2
20000000;7.0
20000000;6.7
20000000;6.3
20000000;5.0
20000000;7.0
20000000;2.8
20000000;5.4
20000000;4.5
20000000;6.7
20000000;6.6
20000000;7.1
20000000;7.5
20000000;6.3
20000000;6.4
20000000;7.2
20000000;3.9
20000000;5.6
20000000;6.4
20000000;5.8
20000000;6.4
20000000;3.7
20000000;5.8
20000000;5.7
20000000;4.4
20000000;7.9
20000000;7.6
20000000;2.7
20000000;5.5
20000000;7.6
20000000;5.8
20000000;6.4
20000000;5.8
20000000;5.3
20000000;6.3
20000000;6.6
20000000;5.6
20000000;5.3
20000000;6.0
20000000;6.7
20000000;6.1
20000000;6.8
20000000;7.0
20000000;6.7
20000000;6.4
20000000;6.9
20000000;6.4
20000000;5.4
20000000;5.9
20000000;4.5
20000000;6.4
20000000;6.2
20000000;5.9
20000000;8.3
20000000;7.0
20000000;1.9
20000000;2.3
20000000;3.5
20000000;5.2
20000000;6.7
20000000;6.1
20000000;7.0
20000000;6.6
20000000;6.1
20000000;7.2
20000000;7.0
20000000;6.2
20000000;7.2
20000000;6.7
20000000;6.9
20000000;6.2
20000000;6.2
20000000;6.3
20000000;7.1
20000000;4.7
20000000;5.7
20000000;7.5
20000000;6.9
20000000;4.1
20000000;5.9
20000000;5.0
20000000;6.2
20000000;6.3
20000000;6.6
20000000;6.5
20000000;6.9
20000000;6.1
20000000;7.3
20000000;6.8
20000000;5.9
20000000;6.5
20000000;5.3
20000000;7.1
20000000;6.1
20000000;5.0
20000000;5.8
20000000;6.6
20000000;6.1
20000000;6.2
20000000;6.3
20000000;6.8
20000000;5.6
20000000;6.1
20000000;7.0
20000000;4.9
20000000;7.5
20000000;5.1
20000000;6.7
20000000;5.6
20000000;6.5
20000000;6.7
20000000;7.0
20000000;4.7
20000000;6.2
20000000;7.0
20000000;7.0
21000000;4.8
21000000;7.6
21000000;7.5
21000000;6.1
21000000;6.7
21000000;7.2
21000000;6.6
21000000;7.8
21000000;7.8
21000000;6.7
21000000;5.8
21000000;7.5
21000000;6.3
21000000;6.9
21000000;6.5
21000000;5.9
21000000;6.8
21000000;4.6
21150000;4.8
21500000;6.5
21500000;7.2
22000000;4.6
22000000;6.9
22000000;6.7
22000000;7.3
22000000;7.6
22000000;6.6
22000000;6.4
22000000;6.4
22000000;5.7
22000000;8.9
22000000;8.1
22000000;5.6
22000000;5.3
22000000;6.4
22000000;5.5
22000000;7.4
22000000;5.9
22000000;3.8
22000000;7.4
22000000;6.3
22000000;5.8
22000000;2.1
22000000;4.8
22000000;6.2
22000000;6.7
22000000;6.8
22000000;6.1
22000000;7.0
22000000;5.8
22000000;7.0
22000000;6.6
22000000;6.6
22000000;6.5
22000000;4.1
22000000;5.8
22000000;6.3
22000000;5.4
22000000;6.8
22000000;6.1
22000000;5.6
22000000;6.2
22000000;5.9
22700000;7.1
23000000;6.8
23000000;5.6
23000000;7.2
23000000;6.1
23000000;6.7
23000000;6.2
23000000;7.6
23000000;7.8
23000000;6.9
23000000;6.7
23000000;6.1
23000000;6.1
23000000;6.1
23000000;7.2
23000000;6.2
23000000;7.1
23000000;6.3
23000000;6.2
23000000;7.1
23000000;8.0
23000000;6.5
23000000;7.5
23000000;7.5
23000000;5.1
23000000;6.2
23000000;6.7
23000000;6.6
23000000;5.8
23000000;2.8
23500000;3.9
23600000;7.7
24000000;7.2
24000000;6.7
24000000;6.3
24000000;7.3
24000000;3.9
24000000;7.6
24000000;8.2
24000000;5.5
24000000;5.9
24000000;5.2
24000000;6.1
24000000;4.6
24000000;5.7
24000000;6.9
24000000;6.6
24000000;5.6
24000000;4.9
24000000;5.1
24000000;4.1
24000000;6.2
24000000;2.0
24000000;7.2
24000000;5.3
24000000;5.4
24000000;5.3
24000000;6.5
24000000;6.4
24000000;6.3
24000000;5.9
25000000;5.8
25000000;6.6
25000000;2.9
25000000;1.9
25000000;6.7
25000000;5.1
25000000;5.1
25000000;8.1
25000000;5.7
25000000;8.0
25000000;8.1
25000000;4.7
25000000;8.7
25000000;8.3
25000000;8.1
25000000;9.3
25000000;7.3
25000000;5.6
25000000;7.3
25000000;6.7
25000000;7.3
25000000;7.2
25000000;6.8
25000000;7.1
25000000;6.5
25000000;6.1
25000000;7.5
25000000;6.1
25000000;7.8
25000000;6.3
25000000;5.2
25000000;6.6
25000000;6.6
25000000;5.2
25000000;7.3
25000000;4.8
25000000;5.4
25000000;7.5
25000000;7.0
25000000;5.8
25000000;2.9
25000000;6.8
25000000;5.7
25000000;3.3
25000000;3.5
25000000;5.6
25000000;5.3
25000000;6.7
25000000;5.9
25000000;6.8
25000000;7.4
25000000;7.2
25000000;5.3
25000000;7.2
25000000;6.9
25000000;6.1
25000000;6.2
25000000;7.3
25000000;6.2
25000000;6.5
25000000;6.6
25000000;5.5
25000000;5.6
25000000;7.6
25000000;5.3
25000000;6.8
25000000;4.7
25000000;6.8
25000000;6.2
25000000;4.9
25000000;6.2
25000000;7.0
25000000;5.3
25000000;5.5
25000000;7.6
25000000;6.9
25000000;7.0
25000000;6.0
25000000;6.5
25000000;5.2
25000000;7.3
25000000;7.0
25000000;6.9
25000000;6.8
25000000;7.1
25000000;8.2
25000000;7.9
25000000;7.2
25000000;5.7
25000000;7.9
25000000;7.7
25000000;7.3
25000000;6.5
25000000;6.0
25000000;7.2
25000000;8.0
25000000;4.8
25000000;6.6
25000000;7.9
25000000;7.9
25000000;8.1
25000000;6.1
25000000;6.8
25000000;6.5
25000000;6.1
25000000;6.6
25000000;4.6
25000000;6.0
25000000;6.4
25000000;5.6
25000000;6.3
25000000;7.3
25000000;4.8
25000000;5.4
25000000;4.0
25000000;6.1
25000000;4.9
25000000;6.4
25000000;5.8
25000000;4.1
25000000;6.6
25000000;6.5
25000000;5.3
25000000;4.1
25000000;5.1
25000000;7.3
25000000;4.8
25000000;6.0
25100000;6.4
25500000;6.5
25530000;5.2
26000000;6.2
26000000;7.2
26000000;5.2
26000000;6.0
26000000;6.5
26000000;6.4
26000000;7.7
26000000;6.9
26000000;5.2
26000000;6.3
26000000;7.8
26000000;6.9
26000000;4.3
26000000;6.1
26000000;7.1
26000000;7.0
26000000;6.5
26000000;5.2
26000000;6.8
26000000;4.0
26000000;6.7
26000000;6.7
26000000;5.1
26000000;7.6
26000000;5.8
26000000;4.5
26000000;4.3
26000000;7.3
26000000;7.4
26000000;6.6
26000000;6.5
26000000;6.2
26000000;5.2
26000000;7.1
26000000;6.4
26000000;6.5
26000000;5.4
26000000;5.0
26000000;7.1
26000000;7.4
27000000;7.2
27000000;7.0
27000000;6.0
27000000;5.0
27000000;6.8
27000000;6.0
27000000;7.4
27000000;7.9
27000000;5.6
27000000;7.9
27000000;3.9
27000000;7.3
27000000;6.5
27000000;6.6
27000000;3.6
27000000;6.9
27000000;6.6
27000000;5.8
27000000;6.6
27000000;7.8
27000000;7.7
27000000;6.2
27000000;5.9
27000000;6.7
27000000;6.4
27000000;5.7
27000000;7.8
27220000;6.4
27500000;6.6
27500000;6.8
27800000;5.4
28000000;7.6
28000000;6.9
28000000;6.9
28000000;6.6
28000000;6.1
28000000;6.6
28000000;6.9
28000000;6.1
28000000;6.2
28000000;5.4
28000000;6.7
28000000;5.4
28000000;7.2
28000000;7.8
28000000;7.9
28000000;5.9
28000000;7.9
28000000;8.0
28000000;6.6
28000000;6.9
28000000;6.3
28000000;7.8
28000000;5.3
28000000;5.8
28000000;4.9
28000000;7.5
28000000;6.7
28000000;8.2
28000000;6.8
28000000;6.7
28000000;4.9
28000000;8.2
28000000;6.2
28000000;4.8
28000000;5.7
28000000;6.3
28000000;6.5
28000000;6.2
28000000;6.4
29000000;5.3
29000000;5.8
29000000;7.5
29000000;6.2
29000000;6.5
29000000;7.9
29000000;5.3
29000000;7.1
29000000;7.7
29000000;7.1
29000000;7.1
29000000;6.4
29500000;5.3
30000000;8.1
30000000;5.9
30000000;6.4
30000000;6.3
30000000;2.7
30000000;7.7
30000000;7.2
30000000;4.4
30000000;5.1
30000000;6.7
30000000;6.4
30000000;7.2
30000000;7.2
30000000;7.6
30000000;7.0
30000000;7.0
30000000;8.4
30000000;6.8
30000000;7.4
30000000;7.1
30000000;7.2
30000000;6.8
30000000;7.6
30000000;4.8
30000000;6.9
30000000;7.3
30000000;6.8
30000000;5.3
30000000;8.3
30000000;7.0
30000000;5.4
30000000;4.1
30000000;7.1
30000000;5.3
30000000;5.9
30000000;5.4
30000000;6.4
30000000;5.9
30000000;5.3
30000000;6.7
30000000;6.9
30000000;6.7
30000000;7.5
30000000;7.3
30000000;6.3
30000000;4.8
30000000;5.9
30000000;7.2
30000000;6.8
30000000;6.1
30000000;4.2
30000000;6.1
30000000;6.6
30000000;6.3
30000000;7.2
30000000;6.0
30000000;5.9
30000000;5.4
30000000;7.1
30000000;6.5
30000000;6.2
30000000;6.1
30000000;6.8
30000000;6.2
30000000;6.7
30000000;5.6
30000000;6.7
30000000;7.0
30000000;5.7
30000000;6.4
30000000;7.0
30000000;7.1
30000000;6.6
30000000;5.2
30000000;7.5
30000000;5.1
30000000;4.1
30000000;6.5
30000000;6.0
30000000;7.2
30000000;6.2
30000000;7.8
30000000;8.1
30000000;5.1
30000000;7.5
30000000;5.6
30000000;6.9
30000000;5.5
30000000;5.6
30000000;8.0
30000000;6.9
30000000;6.7
30000000;6.6
30000000;5.9
30000000;4.9
30000000;6.5
30000000;6.0
30000000;7.6
30000000;8.0
30000000;7.4
30000000;6.3
30000000;6.6
30000000;7.6
30000000;6.6
30000000;7.0
30000000;7.6
30000000;6.8
30000000;3.7
30000000;7.1
30000000;7.1
30000000;5.5
30000000;6.2
30000000;5.9
30000000;4.4
30000000;6.1
30000000;5.9
30000000;6.7
30000000;5.1
30000000;7.0
30000000;5.5
30000000;5.6
30000000;6.1
30000000;6.5
30000000;5.6
30000000;6.7
30000000;7.3
30000000;7.2
30000000;6.9
30000000;5.8
30000000;5.9
30000000;5.8
30000000;7.0
30000000;5.8
30000000;7.0
30000000;6.0
30000000;6.9
30000000;7.1
30250000;6.9
30300000;7.6
31000000;6.1
31000000;6.5
31000000;7.9
31000000;7.9
31000000;6.9
31000000;7.2
31000000;6.3
31000000;7.3
31000000;6.3
31000000;7.3
31000000;6.8
31115000;7.0
31500000;6.3
32000000;4.4
32000000;7.1
32000000;7.2
32000000;6.9
32000000;6.7
32000000;7.0
32000000;6.7
32000000;6.6
32000000;6.9
32000000;7.6
32000000;5.7
32000000;6.3
32000000;4.6
32000000;6.4
32000000;5.7
32000000;6.9
32000000;6.5
32000000;6.6
32000000;7.5
32000000;7.1
32000000;6.4
32000000;7.5
32000000;6.3
32000000;6.3
32000000;6.1
32500000;6.8
32500000;8.4
33000000;5.5
33000000;6.6
33000000;5.5
33000000;8.2
33000000;7.1
33000000;7.7
33000000;6.5
33000000;6.9
33000000;6.7
33000000;5.6
33000000;6.8
33000000;6.3
33000000;5.5
33000000;5.6
33000000;5.3
33000000;6.5
33000000;8.6
33000000;5.6
34000000;8.1
34000000;7.7
34000000;6.3
34000000;6.1
34000000;7.1
34000000;5.6
34000000;6.3
34000000;4.9
34000000;5.7
34000000;6.8
34000000;5.2
34000000;5.3
34000000;6.3
34000000;5.3
34200000;6.4
35000000;7.6
35000000;6.4
35000000;6.1
35000000;5.7
35000000;7.8
35000000;6.3
35000000;6.0
35000000;6.2
35000000;5.4
35000000;5.6
35000000;6.9
35000000;5.7
35000000;5.1
35000000;7.2
35000000;7.8
35000000;6.6
35000000;6.6
35000000;6.8
35000000;6.9
35000000;8.0
35000000;7.3
35000000;7.7
35000000;5.4
35000000;5.4
35000000;3.8
35000000;5.4
35000000;5.0
35000000;6.1
35000000;4.6
35000000;7.1
35000000;5.2
35000000;5.0
35000000;5.5
35000000;7.5
35000000;6.7
35000000;7.1
35000000;5.8
35000000;4.0
35000000;6.2
35000000;7.3
35000000;6.7
35000000;6.2
35000000;6.8
35000000;6.3
35000000;5.9
35000000;6.6
35000000;5.3
35000000;5.3
35000000;5.9
35000000;6.2
35000000;6.3
35000000;7.3
35000000;6.9
35000000;7.5
35000000;6.9
35000000;5.2
35000000;5.2
35000000;5.3
35000000;7.5
35000000;6.1
35000000;7.1
35000000;7.1
35000000;5.4
35000000;6.4
35000000;6.2
35000000;6.2
35000000;6.6
35000000;4.2
35000000;7.3
35000000;4.6
35000000;7.7
35000000;7.2
35000000;6.9
35000000;7.1
35000000;5.7
35000000;5.1
35000000;6.5
35000000;6.8
35000000;7.7
35000000;6.6
35000000;6.7
35000000;7.3
35000000;6.8
35000000;8.3
35000000;5.8
35000000;6.6
35000000;6.2
35000000;5.4
35000000;3.8
35000000;6.8
35000000;6.2
35000000;5.1
35000000;5.0
35000000;4.5
35000000;6.2
35000000;6.5
35000000;6.2
35000000;5.5
35000000;4.8
35000000;5.7
35000000;6.0
35000000;7.4
35000000;6.4
35000000;6.3
35000000;5.5
35000000;3.6
35000000;7.4
35000000;7.3
35000000;5.7
35200000;5.4
36000000;6.4
36000000;7.2
36000000;6.7
36000000;7.2
36000000;5.9
36000000;5.3
36000000;6.4
36000000;4.7
36000000;7.0
36000000;6.9
36000000;6.2
36000000;6.1
36000000;6.8
36000000;7.8
37000000;5.6
37000000;7.0
37000000;5.4
37000000;7.0
37000000;8.0
37000000;6.9
37000000;6.0
37000000;5.2
37000000;5.4
37000000;6.2
37000000;6.1
37000000;5.2
37000000;5.4
37000000;4.5
37000000;6.4
37000000;7.6
37000000;6.0
38000000;5.5
38000000;6.6
38000000;6.8
38000000;7.2
38000000;6.1
38000000;6.5
38000000;6.9
38000000;5.6
38000000;4.8
38000000;6.1
38000000;6.0
38000000;7.6
38000000;4.1
38000000;5.1
38000000;7.6
38000000;8.1
38000000;6.7
38000000;6.7
38000000;6.7
38000000;5.6
38000000;6.7
38000000;6.1
38000000;6.4
38000000;5.2
38000000;5.1
38600000;6.5
39000000;5.7
39000000;7.1
39000000;7.0
39000000;4.9
39000000;5.3
39200000;7.0
40000000;5.4
40000000;5.9
40000000;5.1
40000000;5.3
40000000;5.8
40000000;4.8
40000000;6.0
40000000;4.6
40000000;4.0
40000000;7.8
40000000;7.3
40000000;7.7
40000000;5.8
40000000;7.2
40000000;5.7
40000000;6.1
40000000;6.3
40000000;5.9
40000000;5.8
40000000;7.3
40000000;5.2
40000000;7.8
40000000;6.4
40000000;4.9
40000000;5.2
40000000;5.2
40000000;5.9
40000000;7.7
40000000;5.0
40000000;6.9
40000000;6.2
40000000;6.3
40000000;5.5
40000000;6.2
40000000;6.9
40000000;6.8
40000000;5.9
40000000;5.7
40000000;6.5
40000000;5.5
40000000;5.4
40000000;6.7
40000000;4.1
40000000;6.4
40000000;7.5
40000000;7.0
40000000;7.1
40000000;5.9
40000000;6.0
40000000;5.9
40000000;6.8
40000000;5.8
40000000;6.0
40000000;5.5
40000000;5.8
40000000;6.5
40000000;7.0
40000000;4.7
40000000;6.7
40000000;6.4
40000000;5.8
40000000;6.5
40000000;4.4
40000000;5.7
40000000;7.4
40000000;5.9
40000000;6.6
40000000;7.8
40000000;6.1
40000000;5.9
40000000;7.0
40000000;5.8
40000000;7.2
40000000;7.5
40000000;6.4
40000000;7.3
40000000;5.7
40000000;7.4
40000000;6.4
40000000;4.3
40000000;5.9
40000000;5.4
40000000;6.5
40000000;6.0
40000000;6.6
40000000;5.3
40000000;8.1
40000000;6.4
40000000;7.4
40000000;7.8
40000000;7.3
40000000;8.1
40000000;6.6
40000000;8.0
40000000;7.6
40000000;7.3
40000000;8.5
40000000;7.8
40000000;6.4
40000000;6.6
40000000;7.1
40000000;5.8
40000000;4.7
40000000;6.5
40000000;5.7
40000000;5.1
40000000;4.4
40000000;5.7
40000000;6.4
40000000;6.2
40000000;5.9
40000000;5.1
40000000;5.9
40000000;5.9
40000000;6.0
40000000;6.2
40000000;4.5
40000000;5.8
40000000;5.1
40000000;8.0
40000000;6.7
40000000;7.6
40000000;5.5
40000000;6.0
41000000;6.2
41000000;5.2
41000000;7.0
42000000;5.8
42000000;7.2
42000000;6.3
42000000;5.8
42000000;7.0
42000000;5.9
42000000;6.5
42000000;4.0
42000000;6.5
42000000;5.9
42000000;6.8
42000000;6.3
42000000;5.4
42000000;6.1
42000000;6.6
42000000;3.3
42000000;6.0
43000000;6.6
43000000;7.3
43000000;6.0
43000000;5.1
43000000;4.8
43000000;6.5
44000000;6.6
44000000;6.5
44000000;2.4
44000000;7.8
44000000;7.5
44000000;5.6
44500000;7.7
45000000;5.2
45000000;5.1
45000000;4.6
45000000;5.0
45000000;6.3
45000000;5.5
45000000;7.4
45000000;6.4
45000000;4.6
45000000;7.0
45000000;4.8
45000000;5.9
45000000;4.9
45000000;7.1
45000000;8.5
45000000;7.1
45000000;6.4
45000000;7.2
45000000;6.8
45000000;6.2
45000000;5.6
45000000;7.7
45000000;7.4
45000000;7.0
45000000;6.4
45000000;7.4
45000000;5.8
45000000;7.3
45000000;6.0
45000000;5.4
45000000;6.0
45000000;6.3
45000000;5.6
45000000;6.1
45000000;6.4
45000000;7.6
45000000;6.2
45000000;7.6
45000000;6.3
45000000;6.5
45000000;6.7
45000000;6.9
45000000;7.7
45000000;6.5
45000000;4.6
45000000;5.4
45000000;6.3
45000000;6.3
45000000;6.5
45000000;5.3
45000000;6.8
45000000;7.2
45000000;4.9
45000000;7.0
45000000;7.6
45000000;6.9
45000000;2.7
45000000;6.4
46000000;6.3
46000000;5.9
46000000;7.2
46000000;8.1
47000000;4.5
47000000;6.0
47000000;5.8
48000000;6.4
48000000;5.5
48000000;6.4
48000000;8.3
48000000;6.1
48000000;6.9
48000000;6.4
48000000;6.0
48000000;5.7
48000000;7.4
48000000;5.0
48000000;7.6
48000000;6.7
48000000;6.8
48000000;6.0
48000000;7.0
48000000;6.8
49000000;5.9
49000000;6.9
49900000;5.6
50000000;5.1
50000000;6.3
50000000;6.2
50000000;6.7
50000000;4.8
50000000;7.1
50000000;6.6
50000000;4.9
50000000;6.9
50000000;6.7
50000000;7.4
50000000;7.3
50000000;6.1
50000000;6.6
50000000;4.2
50000000;5.9
50000000;7.5
50000000;4.4
50000000;6.0
50000000;7.0
50000000;3.5
50000000;6.5
50000000;5.9
50000000;4.8
50000000;7.1
50000000;6.1
50000000;6.3
50000000;6.4
50000000;6.0
50000000;6.6
50000000;7.1
50000000;4.6
50000000;7.7
50000000;6.7
50000000;5.8
50000000;6.4
50000000;5.6
50000000;7.4
50000000;7.3
50000000;6.0
50000000;5.9
50000000;5.1
50000000;6.1
50000000;6.6
50000000;6.4
50000000;5.0
50000000;5.6
50000000;6.8
50000000;7.0
50000000;7.3
50000000;7.6
50000000;4.7
50000000;6.5
50000000;6.5
50000000;5.1
50000000;6.7
50000000;6.0
50000000;5.6
50000000;5.6
50000000;7.4
50000000;7.1
50000000;7.1
50000000;6.2
50000000;6.6
50000000;7.0
50000000;6.3
50000000;6.7
50000000;7.0
50000000;5.8
50000000;6.7
50000000;7.8
50000000;7.3
50000000;5.8
50000000;5.9
50000000;6.5
50000000;4.4
50000000;6.6
50000000;6.1
50000000;6.3
50000000;6.2
50000000;6.5
50000000;6.4
50000000;6.5
50000000;5.7
50000000;7.5
50000000;6.6
50000000;5.8
50000000;6.2
50000000;6.0
50000000;5.1
50000000;5.8
50000000;5.5
50000000;6.4
50000000;6.8
50000000;7.6
50000000;7.0
50000000;6.9
50000000;6.1
50100000;6.6
50200000;7.1
51000000;6.5
51000000;5.6
51000000;4.2
52000000;8.0
52000000;7.4
52000000;8.2
52000000;7.3
52000000;6.4
52000000;5.5
52000000;5.8
52000000;6.3
52000000;5.7
52000000;4.2
52000000;6.6
52000000;6.5
52000000;6.6
52500000;7.6
53000000;7.0
53000000;5.7
53000000;5.5
53000000;7.6
54000000;7.6
54000000;5.6
54000000;2.4
54000000;5.6
54000000;6.8
54000000;6.7
54000000;8.2
55000000;7.0
55000000;6.4
55000000;5.8
55000000;6.1
55000000;8.8
55000000;8.0
55000000;7.4
55000000;5.9
55000000;6.7
55000000;6.0
55000000;6.6
55000000;7.2
55000000;5.6
55000000;6.4
55000000;5.9
55000000;6.3
55000000;6.6
55000000;5.4
55000000;6.3
55000000;5.1
55000000;6.7
55000000;6.4
55000000;7.7
55000000;6.1
55000000;7.3
55000000;6.5
55000000;6.8
55000000;5.8
55000000;5.9
55000000;5.9
55000000;7.1
55000000;6.5
55000000;7.9
55000000;6.3
55000000;7.2
55000000;6.2
55000000;6.0
55000000;6.3
55000000;6.4
55000000;7.3
55000000;6.8
55000000;6.0
55000000;6.5
55000000;7.8
55000000;5.8
55000000;5.3
55000000;5.7
55000000;6.2
55000000;5.5
55000000;6.0
55000000;6.4
55000000;6.8
56000000;6.2
56000000;5.7
56000000;5.5
57000000;6.4
57000000;6.2
57000000;6.4
57000000;4.2
57000000;7.5
57000000;4.3
58000000;6.3
58000000;8.2
58000000;6.3
58000000;6.4
58000000;6.4
58000000;6.5
58000000;6.7
58000000;4.7
58000000;8.1
58000000;6.0
58000000;6.4
58000000;7.2
58000000;7.1
59000000;7.6
59660000;7.1
60000000;5.5
60000000;4.9
60000000;4.4
60000000;6.1
60000000;5.9
60000000;7.3
60000000;6.5
60000000;6.6
60000000;4.9
60000000;4.7
60000000;7.1
60000000;5.5
60000000;5.4
60000000;5.4
60000000;5.2
60000000;6.7
60000000;5.5
60000000;6.1
60000000;5.2
60000000;7.7
60000000;7.0
60000000;6.1
60000000;6.8
60000000;7.8
60000000;6.1
60000000;7.9
60000000;5.6
60000000;7.6
60000000;7.3
60000000;6.7
60000000;7.9
60000000;5.2
60000000;8.5
60000000;7.5
60000000;6.1
60000000;5.7
60000000;6.7
60000000;6.1
60000000;6.3
60000000;6.7
60000000;6.2
60000000;6.0
60000000;5.5
60000000;6.2
60000000;5.5
60000000;5.9
60000000;6.2
60000000;5.2
60000000;8.1
60000000;5.3
60000000;4.9
60000000;3.6
60000000;5.9
60000000;5.9
60000000;7.4
60000000;6.7
60000000;5.4
60000000;6.5
60000000;5.6
60000000;7.9
60000000;7.0
60000000;5.5
60000000;7.0
60000000;5.8
60000000;6.6
60000000;6.3
60000000;6.3
60000000;5.4
60000000;6.2
60000000;5.9
60000000;6.2
60000000;6.7
60000000;6.2
60000000;6.1
60000000;6.4
60000000;6.0
60000000;6.1
60000000;5.7
60000000;6.7
60000000;6.1
60000000;6.9
60000000;4.8
60000000;3.8
60000000;6.1
60000000;6.2
60000000;6.3
60000000;6.6
60000000;7.0
60000000;6.1
61000000;7.6
61000000;6.3
61000000;8.1
61000000;6.7
61000000;6.4
61000000;7.2
62000000;7.6
62000000;6.8
62000000;5.5
62000000;3.8
62000000;6.9
63000000;6.2
63000000;8.8
63000000;5.5
63000000;8.7
63000000;6.0
63000000;8.1
64000000;4.3
64000000;5.1
65000000;6.9
65000000;5.0
65000000;6.6
65000000;6.4
65000000;6.7
65000000;1.7
65000000;7.3
65000000;6.1
65000000;5.2
65000000;5.6
65000000;6.5
65000000;6.4
65000000;6.3
65000000;6.9
65000000;7.5
65000000;4.3
65000000;6.0
65000000;7.5
65000000;6.1
65000000;6.3
65000000;4.9
65000000;7.1
65000000;6.7
65000000;7.7
65000000;6.4
65000000;7.3
65000000;5.9
65000000;5.4
65000000;6.7
65000000;6.2
65000000;5.1
65000000;6.5
65000000;7.6
65000000;4.8
65000000;5.7
65000000;6.3
65000000;6.7
66000000;6.8
66000000;6.2
66000000;7.0
66000000;6.5
68000000;6.4
68000000;4.9
68000000;5.7
68000000;5.7
68000000;6.2
68000000;6.9
68000000;6.4
68000000;6.8
68000000;5.6
68000000;7.9
68000000;5.5
68005000;6.0
69000000;7.7
69000000;5.9
69000000;5.9
69500000;7.6
70000000;5.7
70000000;5.6
70000000;6.3
70000000;5.3
70000000;6.2
70000000;6.7
70000000;8.0
70000000;6.2
70000000;4.2
70000000;6.4
70000000;6.5
70000000;5.6
70000000;7.0
70000000;6.4
70000000;5.7
70000000;5.5
70000000;7.7
70000000;7.2
70000000;6.4
70000000;6.6
70000000;6.8
70000000;5.1
70000000;6.3
70000000;5.8
70000000;6.1
70000000;8.0
70000000;3.0
70000000;5.7
70000000;7.6
70000000;5.6
70000000;7.1
70000000;5.8
70000000;7.1
70000000;5.6
70000000;6.5
70000000;6.2
70000000;6.3
70000000;5.6
70000000;5.4
70000000;3.6
70000000;5.8
70000000;5.4
70000000;6.1
70000000;4.2
70000000;7.1
70000000;6.4
70000000;7.7
70000000;7.4
70000000;5.6
70000000;6.4
71000000;4.7
71500000;5.3
72000000;4.6
72000000;6.9
72000000;4.5
72000000;6.7
73000000;6.3
73000000;6.5
73000000;6.6
74000000;6.0
74000000;6.4
75000000;7.3
75000000;7.4
75000000;6.2
75000000;6.4
75000000;6.8
75000000;6.9
75000000;6.0
75000000;4.7
75000000;7.1
75000000;4.4
75000000;4.5
75000000;6.6
75000000;5.8
75000000;6.8
75000000;6.7
75000000;6.7
75000000;6.1
75000000;5.9
75000000;6.3
75000000;6.9
75000000;7.4
75000000;4.1
75000000;6.6
75000000;6.0
75000000;6.3
75000000;7.8
75000000;6.1
75000000;6.8
75000000;6.7
75000000;6.7
75000000;7.4
75000000;7.3
75000000;5.9
75000000;5.4
75000000;5.3
75000000;7.2
75000000;6.0
76000000;4.1
76000000;7.5
76000000;5.9
76000000;7.9
77000000;8.4
78000000;5.1
78000000;6.5
78000000;5.8
78000000;7.3
78000000;7.2
79000000;3.4
79000000;5.8
80000000;7.0
80000000;6.5
80000000;5.4
80000000;6.5
80000000;6.0
80000000;6.8
80000000;4.6
80000000;5.2
80000000;7.0
80000000;6.7
80000000;5.3
80000000;5.8
80000000;6.9
80000000;7.3
80000000;4.9
80000000;6.7
80000000;5.6
80000000;6.1
80000000;6.4
80000000;5.2
80000000;5.8
80000000;5.6
80000000;6.5
80000000;6.6
80000000;6.3
80000000;7.2
80000000;5.2
80000000;5.9
80000000;5.7
80000000;5.6
80000000;6.0
80000000;6.3
80000000;6.4
80000000;6.5
80000000;7.1
80000000;8.1
80000000;7.3
80000000;7.7
80000000;6.6
80000000;6.9
80000000;4.9
80000000;5.5
80000000;5.1
80000000;6.6
80000000;6.5
80000000;6.3
80000000;7.3
80000000;5.8
80000000;5.9
80000000;6.6
80000000;6.0
80000000;6.6
80000000;5.5
81000000;6.7
81200000;7.8
82000000;6.1
82000000;6.4
82000000;5.9
83000000;5.7
84000000;2.2
84000000;4.9
84000000;6.7
85000000;4.8
85000000;6.2
85000000;7.1
85000000;5.6
85000000;4.3
85000000;6.6
85000000;7.1
85000000;6.9
85000000;6.6
85000000;7.3
85000000;7.0
85000000;6.7
85000000;7.0
85000000;6.4
85000000;7.8
85000000;6.8
85000000;6.9
85000000;6.7
85000000;6.0
85000000;5.5
85000000;6.1
86000000;6.0
86000000;6.1
87000000;7.3
87000000;4.3
88000000;5.6
88000000;8.0
88000000;5.9
90000000;5.5
90000000;7.0
90000000;6.6
90000000;7.9
90000000;5.9
90000000;6.0
90000000;5.0
90000000;7.0
90000000;4.4
90000000;4.9
90000000;4.4
90000000;7.3
90000000;7.7
90000000;7.1
90000000;7.3
90000000;6.5
90000000;6.1
90000000;5.2
90000000;6.6
90000000;8.5
90000000;7.8
90000000;7.6
90000000;7.6
90000000;7.4
90000000;6.9
90000000;5.6
90000000;5.4
90000000;7.3
90000000;5.6
92000000;7.0
92000000;8.0
92000000;6.7
92000000;5.3
92000000;5.5
92000000;7.0
92000000;6.3
93000000;8.8
93000000;7.7
93000000;5.9
93000000;7.6
94000000;8.2
94000000;8.9
94000000;8.7
95000000;6.2
95000000;6.6
95000000;5.5
95000000;5.9
95000000;5.5
95000000;6.9
95000000;7.0
95000000;7.0
95000000;5.7
95000000;6.3
98000000;5.6
98000000;6.3
99000000;7.2
100000000;6.0
100000000;6.0
100000000;6.1
100000000;6.7
100000000;7.8
100000000;8.2
100000000;7.5
100000000;7.3
100000000;5.1
100000000;6.8
100000000;6.7
100000000;5.4
100000000;7.1
100000000;6.1
100000000;6.0
100000000;6.2
100000000;7.4
100000000;6.9
100000000;7.0
100000000;5.5
100000000;6.9
100000000;4.3
100000000;6.5
100000000;7.3
100000000;7.6
100000000;5.4
100000000;3.8
100000000;7.0
100000000;7.1
100000000;6.8
100000000;6.8
100000000;6.2
100000000;7.8
100000000;5.7
100000000;6.4
100000000;6.1
100000000;6.0
100000000;8.0
100000000;3.3
100000000;7.0
100000000;6.3
100000000;6.8
100000000;6.6
100000000;6.1
100000000;6.2
100000000;6.0
100000000;5.7
102000000;8.5
102000000;7.5
102000000;7.7
103000000;6.4
103000000;8.5
105000000;6.6
105000000;5.4
105000000;7.3
105000000;7.1
105000000;7.3
105000000;6.7
105000000;5.3
105000000;5.3
107000000;6.8
108000000;8.1
109000000;3.8
110000000;5.8
110000000;5.8
110000000;7.5
110000000;6.4
110000000;5.5
110000000;6.7
110000000;7.1
110000000;8.1
110000000;6.4
110000000;7.5
110000000;5.2
110000000;6.1
110000000;6.5
110000000;6.4
110000000;6.3
110000000;5.8
110000000;7.2
112000000;4.9
113000000;7.6
115000000;8.1
115000000;6.1
115000000;6.7
115000000;6.5
115000000;6.6
115000000;7.2
115000000;5.7
116000000;5.8
117000000;6.3
120000000;4.8
120000000;8.0
120000000;5.4
120000000;7.2
120000000;5.5
120000000;5.5
120000000;5.3
120000000;8.2
120000000;7.0
120000000;4.3
120000000;6.8
120000000;4.3
120000000;6.1
120000000;7.2
120000000;7.1
120000000;6.7
120000000;6.5
120000000;5.8
120000000;7.1
123000000;6.0
125000000;3.7
125000000;5.8
125000000;7.5
125000000;5.8
125000000;5.8
125000000;5.9
125000000;5.9
125000000;6.7
125000000;6.6
125000000;7.3
125000000;7.5
125000000;6.7
125000000;6.4
125000000;6.1
126000000;6.9
126000000;6.9
127000000;6.2
127500000;6.5
130000000;7.6
130000000;6.7
130000000;5.6
130000000;7.8
130000000;7.7
130000000;7.4
130000000;4.9
130000000;7.3
130000000;7.0
130000000;5.8
130000000;6.0
130000000;7.6
130000000;6.6
130000000;5.6
132000000;6.7
132000000;6.5
133000000;5.9
135000000;7.3
135000000;5.9
135000000;7.4
135000000;6.7
135000000;6.3
135000000;6.7
135000000;6.7
135000000;6.5
135000000;5.0
135000000;6.4
137000000;5.7
137000000;6.4
139000000;7.3
140000000;6.1
140000000;6.1
140000000;5.5
140000000;6.8
140000000;8.1
140000000;7.9
140000000;6.1
140000000;6.9
140000000;7.1
140000000;6.0
140000000;6.2
140000000;6.6
140000000;6.6
140000000;6.4
142000000;6.1
144000000;5.5
144000000;5.5
145000000;6.9
145000000;7.2
145000000;7.3
145000000;7.9
145000000;6.9
145000000;5.2
145000000;7.4
149000000;6.7
150000000;8.3
150000000;6.4
150000000;7.2
150000000;6.7
150000000;6.9
150000000;6.2
150000000;7.3
150000000;6.1
150000000;6.7
150000000;8.0
150000000;5.9
150000000;7.0
150000000;5.8
150000000;4.2
150000000;5.8
150000000;6.3
150000000;5.8
150000000;5.8
150000000;7.6
150000000;7.5
150000000;7.6
150000000;7.8
150000000;7.2
150000000;5.1
150000000;7.1
150000000;7.2
150000000;6.7
150000000;7.2
150000000;5.1
150000000;5.4
150000000;8.0
150000000;6.8
150000000;5.8
150000000;7.0
150000000;6.7
150000000;8.1
150000000;6.7
150000000;7.4
150000000;5.8
150000000;6.9
150000000;6.4
150000000;8.0
150000000;8.0
155000000;6.3
155000000;6.6
160000000;8.0
160000000;6.1
160000000;7.3
160000000;7.8
160000000;6.6
160000000;8.8
160000000;5.6
160000000;3.7
165000000;6.4
165000000;6.6
165000000;8.2
165000000;7.9
165000000;7.8
165000000;5.5
165000000;8.6
170000000;6.1
170000000;6.4
170000000;7.1
170000000;7.5
170000000;6.8
170000000;7.6
170000000;7.8
170000000;8.1
170000000;6.8
175000000;7.2
175000000;8.3
175000000;5.4
175000000;8.3
175000000;7.8
175000000;6.3
175000000;7.8
175000000;6.5
175000000;6.9
175000000;6.1
175000000;5.8
176000000;5.4
178000000;7.3
178000000;7.9
180000000;6.1
180000000;6.9
180000000;7.9
180000000;6.6
180000000;7.0
180000000;6.6
180000000;8.4
185000000;6.2
185000000;7.2
185000000;7.5
185000000;9.0
190000000;7.8
190000000;7.0
190000000;6.5
190000000;7.2
190000000;7.0
195000000;6.3
195000000;6.3
200000000;6.7
200000000;6.5
200000000;7.3
200000000;8.3
200000000;6.8
200000000;6.5
200000000;6.7
200000000;7.7
200000000;7.3
200000000;6.6
200000000;7.2
200000000;6.0
200000000;6.7
200000000;5.6
200000000;6.6
200000000;5.8
200000000;7.0
200000000;6.4
200000000;6.3
200000000;7.8
200000000;8.0
200000000;7.8
200000000;7.1
207000000;7.2
207000000;7.2
207000000;7.2
209000000;6.1
209000000;5.9
210000000;5.7
210000000;6.8
215000000;6.4
215000000;6.4
220000000;8.1
220000000;8.1
225000000;7.3
225000000;6.6
225000000;7.9
225000000;7.2
225000000;6.8
230000000;7.0
237000000;7.9
245000000;6.8
250000000;6.7
250000000;7.5
250000000;7.5
250000000;7.5
250000000;6.9
250000000;8.2
250000000;8.5
258000000;6.2
258000000;6.2
260000000;7.8
263700000;6.6
300000000;6.2
300000000;7.1
600000000;6.0
700000000;6.0
700000000;7.2
1000000000;6.0
1100000000;8.1
2127519898;6.9
2400000000;8.4
4200000000;7.7
12215500000;7.0
;
;
;
;
;
;
;
;
;
;
;
;
;
;
;
;
;
;
;
;
;
;
;
;
;
;
;
;
;
;
;
;
;
;
;
;
;
;
;
;
;
;
;
;
;
;
;
;
;
;
;
;
;
;
;
;
;
;
;
;
;
;
;
;
;
;
;
;
;
;
;
;
;
;
;
;
;
;
;
;
;
;
;
;
;
;
;
;
;
;
;
;
;
;
;
;
;
;
;
;
;
;
;
;
;
;
;
;
;
;
;
;
;
;
;
;
;
;
;
;
;
;
;
;
;
;
;
;
;
;
;
;
;
;
;
;
;
;
;
;
;
;
;
;
;
;
;
;
;
;
;
;
;
;
;
;
;
;
;
;
;
;
;
;
;
;
;
;
;
;
;
;
;
;
;
;
;
;
;
;
;
;
;
;
;
;
;
;
;
;
;
;
;
;
;
;
;
;
;
;
;
;
;
;
;
;
;
;
;
;
;
;
;
;
;
;
;
;
;
;
;
;
;
;
;
;
;
;
;
;
;
;
;
;
;
;
;
;
;
;
;
;
;
;
;
;
;
;
;
;
;
;
;
;
;
;
;
;
;
;
;
;
;
;
;
;
;
;
;
;
;
;
;
;
;
;
;
;
;
;
;
;
;
;
;
;
;
;
;
;
;
;
;
;
;
;
;
;
;
;
;
;
;
;
;
;
;
;
;
;
;
;
;
;
;
;
;
;
;
;
;
;
;
;
;
;
;
;
;
;
;
;
;
;
;
;
;
;
;
;
;
;
;
;
;
;
;
;
;
;
;
;
;
;
;
;
;
;
;
;
;
;
;
;
;
;
;
;
;
;
;
;
;
;
;
;
;
;
;
;
;
;
;
;
;
;
;
;
;
;
;
;
;
;
;
;
;
;
;
;
;
;
;
;
;
;
;
;
;
;
;
;
;
;
;
;
;
;
;
;
;
;
;
;
;
;
;
;
;
;
;
;
;
;
;
;
;
;
;
;
;
;
;
;
;
;
;
;
;
;
;
;
;
;
;
;
;
;
;
;
;
;
;
;
;
;
;
;
;
;
;
;
7000;6.3
7000;6.9
;7.5
1400;6.3
140000000;6.1
155000000;5.5
140000000;7.7
150000000;7.4
130000000;6.6
115000000;6.0
110000000;7.1
110000000;6.2
130000000;7.2
105000000;7.2
100000000;6.9
94000000;7.6
92000000;7.7
90000000;7.5
75000000;7.1
100000000;6.7
68000000;7.6
79000000;7.2
68000000;7.6
70000000;6.6
72000000;8.4
70000000;7.1
75000000;8.3
75000000;7.1
66000000;7.2
70000000;6.1
70000000;6.3
70000000;7.0
60000000;6.3
35000000;5.4
70000000;8.6
65000000;7.4
65000000;7.2
16900000;6.4
62000000;6.6
65000000;7.7
60000000;6.6
35000000;6.5
80000000;6.7
58800000;7.3
63000000;5.7
58000000;5.9
57000000;5.9
53000000;7.3
55000000;6.9
56000000;6.3
47000000;7.7
90000000;7.1
52000000;7.6
50000000;7.4
50000000;5.8
50000000;6.7
390000000;6.4
48000000;7.1
;7.8
46000000;6.6
48000000;2.7
45000000;6.0
44000000;6.4
;7.5
40000000;7.6
40000000;7.8
65000000;7.2
40000000;6.4
25000000;6.9
40000000;7.1
25000000;6.0
18026148;8.4
553632000;7.4
36000000;5.9
27000000;7.4
35000000;8.5
35000000;5.6
35000000;6.5
35000000;6.2
35000000;5.7
35000000;8.4
;7.1
35000000;5.9
31500000;8.5
30000000;7.8
18000000;7.9
18000000;6.0
28000000;7.0
24000000;6.1
26000000;7.4
25000000;7.5
25000000;6.3
28000000;7.1
25000000;7.7
25000000;6.5
25000000;7.3
25000000;6.2
22500000;7.1
25000000;6.2
21000000;7.8
22000000;7.8
30000000;7.1
20000000;7.1
20000000;7.4
20000000;6.5
20000000;6.9
40000000;7.1
25000000;6.2
19000000;7.6
19000000;6.7
18000000;7.9
18000000;7.2
20000000;7.3
18000000;7.1
17500000;8.1
9000000;6.8
13500000;8.2
25000000;6.6
16000000;6.7
15000000;6.2
;6.6
14000000;8.1
10000000;6.1
15000000;8.2
15000000;8.4
15000000;7.6
16000000;6.7
15000000;6.5
15000000;6.9
;6.4
25000000;4.5
10000000;7.5
14000000;7.2
12000000;6.9
103000000;7.3
15000000;7.0
13500000;8.3
13000000;7.3
19000000;7.9
13000000;4.3
12620000;6.8
12500000;7.8
12800000;8.1
12000000;6.5
12000000;8.0
14000000;8.4
2500000000;7.1
12000000;7.7
20000000;5.6
11000000;8.0
11000000;8.1
10818775;6.6
10000000;6.9
10000000;7.8
10000000;7.3
;6.2
10000000;6.2
10000000;6.3
6000000;7.5
9000000;7.7
400000000;6.6
45000000;7.3
9000000;7.1
;7.5
;6.3
7300000;8.0
9000000;6.3
15000000;7.3
6800000;8.2
6500000;7.2
6000000;8.1
6000000;7.5
;8.2
4000000;7.1
6700000;7.9
5000000;6.2
800000;6.6
5000000;6.3
;7.5
5000000;6.2
5000000;4.4
84450000;7.4
4500000;7.5
4400000;8.5
4000000;8.3
3950000;7.8
3977000;8.2
;8.4
3000000;8.2
3000000;8.3
15000000;7.4
3000000;5.9
2627000;7.0
2500000;7.7
2100000;8.1
1500000;8.0
2000000;8.3
1650000;7.8
;7.6
1700000;5.8
1200000;7.1
950000;8.6
1000000;7.2
1000000;7.7
780000;6.8
750000;7.7
2000000;7.7
385907;8.0
245000;8.3
120000;6.6
215000000;6.5
170000000;4.8
135000000;8.1
135000000;7.2
110000000;5.4
100000000;8.5
107000000;6.0
80000000;7.0
75000000;5.9
100000000;6.7
65000000;6.7
63000000;6.6
44000000;7.9
60000000;6.5
;4.9
55000000;6.6
55000000;7.8
47000000;4.7
57000000;5.8
44000000;6.8
45000000;6.3
40000000;7.4
40000000;6.1
38000000;5.2
38000000;7.7
35000000;6.0
35000000;6.8
32000000;5.7
32000000;6.4
30000000;7.5
30000000;7.5
27000000;6.0
22000000;7.5
26000000;7.2
25000000;7.8
25000000;5.8
23000000;6.0
11000000;6.3
20000000;6.7
20000000;6.8
;6.8
2000000;7.4
22000000;8.0
18000000;5.0
11350000;6.2
11000000;6.3
16000000;6.6
15000000;7.5
14400000;8.3
13000000;6.8
20000000;6.5
107000000;6.0
11000000;5.8
10000000;7.1
10000000;7.3
10000000;6.5
7700000;7.3
20000000;6.5
6900000;7.3
6500000;6.6
6500000;6.5
6000000;8.1
8000000;6.9
6000000;5.5
6244087;8.0
5500000;7.6
3500000;7.3
5000000;6.3
5000000;8.6
4638783;7.4
5000000;5.3
;6.0
;6.6
4000000;7.4
3800000;6.8
3768785;7.0
3716946;7.3
3200000;8.1
;6.9
3000000;7.8
3000000;7.2
2600000;7.8
2100000;5.5
1614000;7.1
;6.5
2000000;4.4
1800000;7.0
1600000;7.4
1455000;5.5
1250000;7.1
1200000;8.9
1000000;6.2
1000000;3.8
750000;8.1
250000;4.0
200000;8.0
30000;4.1
